case,HolidayType,Price,NumberOfPersons,Region,Transportation,Duration,Season,Accommodation,Hotel
Journey1,Bathing,2498,2,Egypt,Plane,14,April,TwoStars,Hotel_White_House_Egypt
Journey2,Bathing,3066,3,Egypt,Plane,21,May,TwoStars,Hotel_White_House_Egypt
Journey3,Active,2778,2,Egypt,Plane,14,June,TwoStars,Hotel_Geisum_Egypt
Journey4,Bathing,3195,3,Egypt,Plane,7,July,ThreeStars,Hotel_Al_Mashrabia_Egypt
Journey5,Bathing,3158,2,Egypt,Plane,14,September,ThreeStars,Hotel_Al_Mashrabia_Egypt
Journey6,Active,3318,2,Egypt,Plane,14,October,ThreeStars,Hotel_Al_Mashrabia_Egypt
Journey7,Bathing,2458,2,Egypt,Plane,14,June,FourStars,Hotel_Winter_Palace_Egypt
Journey8,Active,2649,3,Egypt,Plane,7,July,FourStars,Hotel_Winter_Palace_Egypt
Journey9,Education,4638,2,Egypt,Plane,21,April,FourStars,Anlage_Arabia_Beach_Egypt
Journey10,Education,3738,2,Egypt,Plane,14,October,FourStars,Anlage_Arabia_Beach_Egypt
Journey11,City,1978,2,Cairo,Plane,7,April,ThreeStars,Hotel_Victoria_Cairo
Journey12,City,1898,2,Cairo,Plane,7,May,ThreeStars,Hotel_Victoria_Cairo
Journey13,City,2158,2,Cairo,Plane,14,June,ThreeStars,Hotel_Victoria_Cairo
Journey14,City,1898,2,Cairo,Plane,7,September,ThreeStars,Hotel_Victoria_Cairo
Journey15,City,1154,1,Cairo,Plane,7,October,ThreeStars,Hotel_New_Marwa_Palace_Cairo
Journey16,City,2308,2,Cairo,Plane,7,April,ThreeStars,Hotel_New_Marwa_Palace_Cairo
Journey17,City,2658,2,Cairo,Plane,7,May,ThreeStars,Hotel_New_Marwa_Palace_Cairo
Journey18,City,1269,1,Cairo,Plane,14,July,ThreeStars,Hotel_New_Marwa_Palace_Cairo
Journey19,City,2608,2,Cairo,Plane,7,May,FiveStars,Hotel_Moevenpick_Cairo
Journey20,City,2468,2,Cairo,Plane,7,August,FiveStars,Hotel_Moevenpick_Cairo
Journey21,Recreation,1568,2,Belgium,Car,14,May,TwoStars,Hotel_Ostend_Belgium
Journey22,Active,798,3,Belgium,Car,7,June,TwoStars,Hotel_Ostend_Belgium
Journey23,Recreation,978,3,Belgium,Car,7,July,ThreeStars,Acces_Hotel_Mercure_Belgium
Journey24,Recreation,978,2,Belgium,Car,7,August,ThreeStars,Acces_Hotel_Mercure_Belgium
Journey25,Active,1448,3,Belgium,Car,14,September,HolidayFlat,HFlat_Belgium
Journey26,Recreation,1638,4,Belgium,Car,14,June,HolidayFlat,HFlat_Belgium
Journey27,Recreation,1079,4,Belgium,Car,7,July,HolidayFlat,HFlat_Belgium
Journey28,Bathing,499,4,Belgium,Car,3,August,HolidayFlat,HFlat_Belgium
Journey29,Bathing,399,6,Belgium,Car,3,September,HolidayFlat,HFlat_Belgium
Journey30,Recreation,1928,2,Belgium,Train,14,July,ThreeStars,Acces_Hotel_Mercure_Belgium
Journey31,Bathing,1598,2,Bulgaria,Plane,14,June,TwoStars,Hotel_Amfibia_Sunny_Beach
Journey32,Bathing,2043,3,Bulgaria,Plane,14,July,TwoStars,Hotel_Hemus_Sunny_Beach
Journey33,Bathing,1658,4,Bulgaria,Plane,7,August,TwoStars,Hotel_Raliza_Albena
Journey34,Bathing,1558,2,Bulgaria,Plane,7,July,ThreeStars,Hotel_Phoenix_Sunny_Beach
Journey35,Active,1718,2,Bulgaria,Plane,14,June,ThreeStars,Hotel_Nessebar_Sunny_Beach
Journey36,Bathing,1383,3,Bulgaria,Plane,7,August,ThreeStars,Hotel_Gergana_Albena
Journey37,Bathing,3628,4,Bulgaria,Plane,21,August,ThreeStars,Hotel_Orlav_Albena
Journey38,Active,2739,3,Bulgaria,Plane,14,July,FourStars,Hotel_Burgas_Sunny_Beach
Journey39,Bathing,2399,2,Bulgaria,Plane,14,September,FourStars,Grandhotel_Varna_Albena
Journey40,Bathing,2273,3,Bornholm,Car,14,August,HolidayFlat,HFlat_Bornholm
Journey41,Bathing,1729,5,Bornholm,Car,7,July,HolidayFlat,HFlat_Bornholm
Journey42,Bathing,1389,4,Bornholm,Car,7,July,HolidayFlat,HFlat_Bornholm
Journey43,Recreation,968,6,Bornholm,Car,14,April,HolidayFlat,HFlat_Bornholm
Journey44,Recreation,489,6,Bornholm,Car,7,May,HolidayFlat,HFlat_Bornholm
Journey45,Recreation,489,6,Bornholm,Car,7,September,HolidayFlat,HFlat_Bornholm
Journey46,Bathing,2838,4,Fano,Car,14,July,HolidayFlat,HFlat_Fano
Journey47,Bathing,1399,6,Fano,Car,7,August,HolidayFlat,HFlat_Fano
Journey48,Recreation,958,6,Fano,Car,14,September,HolidayFlat,HFlat_Fano
Journey49,Recreation,579,3,Fano,Car,7,June,HolidayFlat,HFlat_Romo
Journey50,Recreation,789,5,Fano,Car,7,May,HolidayFlat,HFlat_Romo
Journey51,Recreation,2839,10,Fano,Car,7,July,HolidayFlat,HFlat_Romo
Journey52,Bathing,629,6,Lolland,Car,7,August,HolidayFlat,HFlat_Lolland
Journey53,Bathing,1598,4,Lolland,Car,14,July,HolidayFlat,HFlat_Lolland
Journey54,Recreation,429,8,Lolland,Car,7,September,HolidayFlat,HFlat_Lolland
Journey55,Recreation,648,2,Allgaeu,Car,7,June,TwoStars,Gasthaus_Meier_Allgaeu
Journey56,Wandering,972,4,Allgaeu,Car,7,July,TwoStars,Gasthaus_Alpenland_Allgaeu
Journey57,Recreation,1060,3,Allgaeu,Car,7,August,ThreeStars,Hotel_Alpspitz_Allgaeu
Journey58,Wandering,2110,3,Allgaeu,Train,14,July,ThreeStars,Hotel_Alpspitz_Allgaeu
Journey59,Active,1835,2,Allgaeu,Car,14,June,FiveStars,Hofgut_Kuernach_Allgaeu
Journey60,Wandering,951,2,Allgaeu,Car,7,September,FiveStars,Hofgut_Kuernach_Allgaeu
Journey61,Recreation,794,4,Allgaeu,Train,7,August,HolidayFlat,HFlat_Allgaeu
Journey62,Active,814,6,Allgaeu,Car,7,July,HolidayFlat,HFlat_Allgaeu
Journey63,Wandering,1568,4,Allgaeu,Car,14,June,HolidayFlat,HFlat_Allgaeu
Journey64,Wandering,644,4,Allgaeu,Car,7,July,HolidayFlat,HFlat_Allgaeu
Journey65,Recreation,648,2,Alps,Car,7,June,TwoStars,Pension_Blueml_Upper_Bavaria
Journey66,Wandering,2232,3,Alps,Car,14,July,TwoStars,Pension_Blueml_Upper_Bavaria
Journey67,Recreation,2082,4,Alps,Car,7,August,ThreeStars,Hotel_Chiemgauer_Hof_Upper_Bavaria
Journey68,Recreation,5185,3,Alps,Car,21,June,ThreeStars,Hotel_Chiemgauer_Hof_Upper_Bavaria
Journey69,Active,2368,2,Alps,Train,14,September,ThreeStars,Hotel_Chiemgauer_Hof_Upper_Bavaria
Journey70,Recreation,3758,2,Alps,Car,21,July,FourStars,Hotel_Zur_Post_Upper_Bavaria
Journey71,Recreation,3135,3,Alps,Car,14,August,FourStars,Hotel_Zur_Post_Upper_Bavaria
Journey72,Wandering,3762,4,Alps,Car,14,July,FourStars,Hotel_Zur_Post_Upper_Bavaria
Journey73,Recreation,1254,4,Alps,Car,7,June,HolidayFlat,HFlat_Upper_Bavaria
Journey74,Recreation,814,6,Alps,Train,7,August,HolidayFlat,HFlat_Upper_Bavaria
Journey75,Recreation,1361,2,Bavaria,Car,14,September,HolidayFlat,HFlat_Upper_Bavaria
Journey76,Recreation,1618,4,Bavaria,Car,14,May,HolidayFlat,HFlat_Upper_Bavaria
Journey77,Recreation,1728,2,Bavaria,Train,14,July,HolidayFlat,HFlat_Upper_Bavaria
Journey78,Wandering,609,3,Bavaria,Car,7,June,HolidayFlat,HFlat_Upper_Bavaria
Journey79,Wandering,1069,6,Bavaria,Car,7,August,HolidayFlat,HFlat_Upper_Bavaria
Journey80,Wandering,684,4,Bavaria,Car,7,September,HolidayFlat,HFlat_Upper_Bavaria
Journey81,Active,1328,4,Bavaria,Train,14,May,HolidayFlat,HFlat_Upper_Bavaria
Journey82,Active,779,2,Bavaria,Car,7,June,HolidayFlat,HFlat_Upper_Bavaria
Journey83,Active,1639,5,Bavaria,Car,7,July,HolidayFlat,HFlat_Upper_Bavaria
Journey84,Wandering,944,8,Bavaria,Car,7,August,HolidayFlat,HFlat_Upper_Bavaria
Journey85,Wandering,758,2,ErzGebirge,Car,7,June,TwoStars,Wolfsgruener_Schloss_Erz_Gebirge
Journey86,Wandering,758,3,ErzGebirge,Car,7,July,TwoStars,Wolfsgruener_Schloss_Erz_Gebirge
Journey87,Recreation,1885,4,ErzGebirge,Car,14,August,TwoStars,Wolfsgruener_Schloss_Erz_Gebirge
Journey88,Recreation,758,3,ErzGebirge,Car,7,September,TwoStars,Wolfsgruener_Schloss_Erz_Gebirge
Journey89,Wandering,1828,2,ErzGebirge,Car,14,May,ThreeStars,Hotel_Am_Fichtelberg_Erz_Gebirge
Journey90,Wandering,918,2,ErzGebirge,Train,7,July,ThreeStars,Hotel_Am_Fichtelberg_Erz_Gebirge
Journey91,Wandering,2738,3,ErzGebirge,Car,21,June,ThreeStars,Hotel_Am_Fichtelberg_Erz_Gebirge
Journey92,Recreation,1828,3,ErzGebirge,Car,14,September,ThreeStars,Sporthotel_Erz_Gebirge
Journey93,Recreation,918,2,ErzGebirge,Car,7,May,ThreeStars,Sporthotel_Erz_Gebirge
Journey94,Wandering,1580,4,ErzGebirge,Train,7,August,FourStars,Kur-_und_Sporthotel_Erz_Gebirge
Journey95,Wandering,958,2,ErzGebirge,Car,7,July,FourStars,Kur-_und_Sporthotel_Erz_Gebirge
Journey96,Wandering,2385,3,ErzGebirge,Car,14,June,FourStars,Kur-_und_Sporthotel_Erz_Gebirge
Journey97,Recreation,1372,3,ErzGebirge,Car,7,August,FourStars,Hotel_Panorama_Erz_Gebirge
Journey98,Recreation,2188,2,ErzGebirge,Car,14,September,FourStars,Hotel_Panorama_Erz_Gebirge
Journey99,Active,1098,2,ErzGebirge,Car,7,August,FourStars,Hotel_Panorama_Erz_Gebirge
Journey100,Recreation,478,2,Harz,Car,7,May,TwoStars,Hotel_Brockenscheideck_Harz
Journey101,Wandering,948,2,Harz,Train,14,June,TwoStars,Hotel_Brockenscheideck_Harz
Journey102,Recreation,1072,3,Harz,Car,7,July,ThreeStars,Hotel_Waldfrieden_Harz
Journey103,Recreation,1501,4,Harz,Car,7,August,ThreeStars,Hotel_Waldfrieden_Harz
Journey104,Recreation,1868,2,Harz,Car,14,September,ThreeStars,Hotel_Waldfrieden_Harz
Journey105,Wandering,1172,3,Harz,Car,7,May,ThreeStars,Hotel_Waldfrieden_Harz
Journey106,Recreation,1888,2,Harz,Car,7,June,FiveStars,Hotel_Maritim_Harz
Journey107,Recreation,1888,3,Harz,Train,7,July,FiveStars,Hotel_Maritim_Harz
Journey108,Wandering,3768,2,Harz,Car,14,May,FiveStars,Hotel_Maritim_Harz
Journey109,Recreation,484,2,Harz,Car,7,August,HolidayFlat,HFlat_Harz
Journey110,Recreation,374,4,Harz,Car,7,September,HolidayFlat,HFlat_Harz
Journey111,Recreation,589,3,Harz,Car,7,June,HolidayFlat,HFlat_Harz
Journey112,Wandering,719,4,Harz,Train,7,July,HolidayFlat,HFlat_Harz
Journey113,Wandering,1248,4,Harz,Car,14,August,HolidayFlat,HFlat_Harz
Journey114,Bathing,398,2,NorthSea,Car,7,July,OneStar,Pension_Murra_North_Sea
Journey115,Recreation,398,2,NorthSea,Car,7,June,OneStar,Pension_Murra_North_Sea
Journey116,Bathing,1348,3,NorthSea,Car,7,July,TwoStars,Pension_Nina_North_Sea
Journey117,Bathing,1348,2,NorthSea,Car,7,August,TwoStars,Pension_Nina_North_Sea
Journey118,Recreation,3228,2,NorthSea,Car,14,May,TwoStars,Hotel_Silbermoeve_North_Sea
Journey119,Recreation,1618,2,NorthSea,Train,7,September,TwoStars,Hotel_Silbermoeve_North_Sea
Journey120,Bathing,719,4,NorthSea,Car,7,August,HolidayFlat,HFlat_North_Sea
Journey121,Bathing,669,6,NorthSea,Car,7,July,HolidayFlat,HFlat_North_Sea
Journey122,Bathing,2108,4,NorthSea,Car,14,August,HolidayFlat,HFlat_North_Sea
Journey123,Recreation,579,4,NorthSea,Train,7,June,HolidayFlat,HFlat_North_Sea
Journey124,Recreation,664,5,NorthSea,Car,7,July,HolidayFlat,HFlat_North_Sea
Journey125,Recreation,1138,4,NorthSea,Car,14,August,HolidayFlat,HFlat_North_Sea
Journey126,Active,2198,3,NorthSea,Car,14,September,HolidayFlat,HFlat_North_Sea
Journey127,Recreation,1044,6,NorthSea,Train,7,June,HolidayFlat,HFlat_North_Sea
Journey128,Active,719,3,NorthSea,Car,7,August,HolidayFlat,HFlat_Sylt
Journey129,Bathing,1828,2,BalticSea,Car,14,July,TwoStars,Hotel_Stoertebeker_Zingst
Journey130,Bathing,918,3,BalticSea,Car,7,August,TwoStars,Hotel_Stoertebeker_Zingst
Journey131,Recreation,918,2,BalticSea,Car,7,June,TwoStars,Hotel_Am_Leuchtturm_Warnemuende
Journey132,Recreation,1147,3,BalticSea,Train,7,September,TwoStars,Hotel_Am_Leuchtturm_Warnemuende
Journey133,Bathing,1047,3,BalticSea,Car,7,July,ThreeStars,Hotel_Baltic_Usedom
Journey134,Bathing,2472,4,BalticSea,Car,14,August,ThreeStars,Hotel_Baltic_Usedom
Journey135,Recreation,2226,3,BalticSea,Car,14,June,ThreeStars,NobisHotel_Ruegen
Journey136,Bathing,1438,2,BalticSea,Car,7,August,FourStars,Ostseehotel_Wustrow
Journey137,Active,1797,3,BalticSea,Car,7,July,FourStars,Ostseehotel_Wustrow
Journey138,Bathing,1044,4,BalticSea,Train,7,August,HolidayFlat,HFlat_Baltic_Sea
Journey139,Bathing,639,2,BalticSea,Car,7,August,HolidayFlat,HFlat_Fehmarn
Journey140,Bathing,1818,2,BalticSea,Car,14,July,HolidayFlat,HFlat_Ruegen
Journey141,Recreation,539,4,BalticSea,Car,7,June,HolidayFlat,HFlat_Baltic_Sea
Journey142,Recreation,709,6,BalticSea,Car,7,May,HolidayFlat,HFlat_Baltic_Sea
Journey143,Active,994,4,BalticSea,Train,14,July,HolidayFlat,HFlat_Baltic_Sea
Journey144,Wandering,547,3,BlackForest,Car,7,May,TwoStars,Hotel_Hirschen_Black_Forest
Journey145,Recreation,868,2,BlackForest,Car,14,June,TwoStars,Hotel_Hirschen_Black_Forest
Journey146,Wandering,907,3,BlackForest,Car,7,July,ThreeStars,Hotel_Waldwinkel_Black_Forest
Journey147,Wandering,698,2,BlackForest,Car,14,August,ThreeStars,Hotel_Waldwinkel_Black_Forest
Journey148,Wandering,738,2,BlackForest,Train,7,September,ThreeStars,Berghotel_Kandel_Black_Forest
Journey149,Recreation,922,3,BlackForest,Car,7,August,ThreeStars,Berghotel_Kandel_Black_Forest
Journey150,Wandering,3732,4,BlackForest,Car,14,July,FourStars,Kurhotel_Black_Forest
Journey151,Recreation,1138,2,BlackForest,Car,7,June,FourStars,Kurhotel_Black_Forest
Journey152,Wandering,449,2,BlackForest,Train,7,May,HolidayFlat,HFlat_Black_Forest
Journey153,Wandering,459,5,BlackForest,Car,7,June,HolidayFlat,HFlat_Black_Forest
Journey154,Wandering,1039,3,BlackForest,Car,7,July,HolidayFlat,HFlat_Black_Forest
Journey155,Wandering,2538,3,BlackForest,Car,14,August,HolidayFlat,HFlat_Black_Forest
Journey156,Recreation,1313,2,BlackForest,Car,14,September,HolidayFlat,HFlat_Black_Forest
Journey157,Recreation,904,6,BlackForest,Car,7,October,HolidayFlat,HFlat_Black_Forest
Journey158,Recreation,984,7,BlackForest,Train,7,July,HolidayFlat,HFlat_Black_Forest
Journey159,Recreation,638,2,Thuringia,Car,7,May,ThreeStars,Berghotel_Oberhof_Thuringia
Journey160,Recreation,922,3,Thuringia,Car,7,August,ThreeStars,Berghotel_Oberhof_Thuringia
Journey161,Active,998,2,Thuringia,Car,7,June,ThreeStars,Hotel_Finsterbergen_Thuringia
Journey162,Wandering,2588,3,Thuringia,Car,14,July,ThreeStars,Hotel_Finsterbergen_Thuringia
Journey163,Wandering,1377,4,Thuringia,Train,7,August,FourStars,Hotel_Rennsteig_Thuringia
Journey164,Recreation,918,2,Thuringia,Car,7,September,FourStars,Hotel_Rennsteig_Thuringia
Journey165,Active,2285,3,Thuringia,Car,14,August,FourStars,Hotel_Rennsteig_Thuringia
Journey166,Recreation,2668,2,Thuringia,Car,14,October,FourStars,Hotel_Panorama_Thuringia
Journey167,Active,1497,3,Thuringia,Car,7,August,FourStars,Hotel_Panorama_Thuringia
Journey168,Active,2388,3,Thuringia,Car,14,August,FourStars,Hotel_Panorama_Thuringia
Journey169,Recreation,589,4,Thuringia,Car,7,July,HolidayFlat,HFlat_Thuringia
Journey170,Recreation,1128,4,Thuringia,Train,14,June,HolidayFlat,HFlat_Thuringia
Journey171,Recreation,589,4,Thuringia,Car,7,May,HolidayFlat,HFlat_Thuringia
Journey172,Recreation,1148,4,Thuringia,Car,14,July,HolidayFlat,HFlat_Thuringia
Journey173,Wandering,574,4,Thuringia,Car,7,August,HolidayFlat,HFlat_Thuringia
Journey174,Bathing,858,4,Atlantic,Car,14,May,HolidayFlat,HFlat_Atlantik_France
Journey175,Bathing,2078,4,Atlantic,Car,14,June,HolidayFlat,HFlat_Atlantik_France
Journey176,Bathing,4718,7,Atlantic,Car,14,July,HolidayFlat,HFlat_Atlantik_France
Journey177,Bathing,1698,4,Atlantic,Car,14,August,HolidayFlat,HFlat_Atlantik_France
Journey178,Bathing,649,6,Atlantic,Car,7,September,HolidayFlat,HFlat_Atlantik_France
Journey179,Bathing,394,3,Atlantic,Car,7,June,HolidayFlat,HFlat_Atlantik_France
Journey180,Bathing,1289,5,Atlantic,Car,7,July,HolidayFlat,HFlat_Atlantik_France
Journey181,Bathing,879,4,Atlantic,Car,7,August,HolidayFlat,HFlat_Atlantik_France
Journey182,Bathing,1347,3,Atlantic,Car,21,May,HolidayFlat,HFlat_Atlantik_France
Journey183,Active,838,5,Atlantic,Car,14,June,HolidayFlat,HFlat_Atlantik_France
Journey184,Active,1938,6,Atlantic,Car,14,July,HolidayFlat,HFlat_Atlantik_France
Journey185,Active,849,6,Atlantic,Car,7,August,HolidayFlat,HFlat_Atlantik_France
Journey186,Active,1204,8,Atlantic,Car,7,June,HolidayFlat,HFlat_Atlantik_France
Journey187,Recreation,2878,8,Atlantic,Car,14,July,HolidayFlat,HFlat_Atlantik_France
Journey188,Recreation,2187,2,Atlantic,Car,21,August,HolidayFlat,HFlat_Atlantik_France
Journey189,Bathing,519,2,CotedAzur,Car,7,April,HolidayFlat,HFlat_Cote_d Azur
Journey190,Bathing,479,3,CotedAzur,Car,7,May,HolidayFlat,HFlat_Cote_d Azur
Journey191,Bathing,829,7,CotedAzur,Car,7,June,HolidayFlat,HFlat_Cote_d Azur
Journey192,Bathing,1089,5,CotedAzur,Car,7,July,HolidayFlat,HFlat_Cote_d Azur
Journey193,Bathing,1029,5,CotedAzur,Car,7,August,HolidayFlat,HFlat_Cote_d Azur
Journey194,Bathing,799,6,CotedAzur,Car,7,September,HolidayFlat,HFlat_Cote_d Azur
Journey195,Bathing,449,4,CotedAzur,Train,7,October,HolidayFlat,HFlat_Cote_d Azur
Journey196,Bathing,1198,4,CotedAzur,Car,14,May,HolidayFlat,HFlat_Cote_d Azur
Journey197,Bathing,1108,4,CotedAzur,Train,14,June,HolidayFlat,HFlat_Cote_d Azur
Journey198,Bathing,4458,7,CotedAzur,Car,14,July,HolidayFlat,HFlat_Cote_d Azur
Journey199,Active,2678,3,CotedAzur,Car,14,August,HolidayFlat,HFlat_Cote_d Azur
Journey200,Active,1598,4,CotedAzur,Car,14,September,HolidayFlat,HFlat_Cote_d Azur
Journey201,Active,589,6,CotedAzur,Car,7,May,HolidayFlat,HFlat_Cote_d Azur
Journey202,Recreation,449,2,CotedAzur,Train,7,June,HolidayFlat,HFlat_Cote_d Azur
Journey203,Recreation,1838,3,CotedAzur,Car,14,July,HolidayFlat,HFlat_Cote_d Azur
Journey204,Bathing,1539,2,Corsica,Plane,14,May,OneStar,Caravan_La_Pinede
Journey205,Bathing,2469,3,Corsica,Plane,14,June,OneStar,Hotel_L Esquinade
Journey206,Bathing,5269,4,Corsica,Plane,14,July,TwoStars,Feriendorf_Vallicella
Journey207,Bathing,2249,3,Corsica,Plane,21,June,TwoStars,Mobilhomes_La_Pinede
Journey208,Bathing,1898,2,Corsica,Plane,7,August,TwoStars,Hotel_Funtana_Marina
Journey209,Bathing,3522,4,Corsica,Plane,7,July,TwoStars,Feriendorf_Vallicella
Journey210,Bathing,3459,3,Corsica,Plane,14,August,ThreeStars,Calvi-Hotel
Journey211,Bathing,2539,2,Corsica,Plane,14,September,ThreeStars,Studios_Le_Rocher
Journey212,Bathing,5659,3,Corsica,Plane,21,July,ThreeStars,Hotel_Pineto
Journey213,Bathing,3298,2,Corsica,Plane,14,June,ThreeStars,Hotel_Orizonte
Journey214,Active,2718,2,Corsica,Plane,14,September,ThreeStars,Grand_Hotel
Journey215,Active,5678,3,Corsica,Plane,21,August,ThreeStars,Grand_Hotel
Journey216,Active,2038,2,Corsica,Plane,14,June,TwoStars,Mobilhomes_La_Pinede
Journey217,Wandering,634,1,Corsica,Plane,7,April,TwoStars,Mobilhomes_La_Pinede
Journey218,Wandering,2578,2,Corsica,Plane,14,May,ThreeStars,Grand_Hotel
Journey219,Bathing,659,4,Normandy,Car,7,June,HolidayFlat,HFlat_Normandy
Journey220,Bathing,709,2,Normandy,Car,7,July,HolidayFlat,HFlat_Normandy
Journey221,Active,809,4,Normandy,Car,7,August,HolidayFlat,HFlat_Normandy
Journey222,Active,1418,2,Normandy,Car,14,August,HolidayFlat,HFlat_Normandy
Journey223,Recreation,1618,4,Normandy,Car,14,July,HolidayFlat,HFlat_Normandy
Journey224,Bathing,689,4,Brittany,Car,7,June,HolidayFlat,HFlat_Brittany
Journey225,Bathing,1549,7,Brittany,Car,7,July,HolidayFlat,HFlat_Brittany
Journey226,Bathing,1064,5,Brittany,Car,7,August,HolidayFlat,HFlat_Brittany
Journey227,Bathing,519,4,Brittany,Car,7,September,HolidayFlat,HFlat_Brittany
Journey228,Active,1219,6,Brittany,Car,7,August,HolidayFlat,HFlat_Brittany
Journey229,Active,889,4,Brittany,Car,7,July,HolidayFlat,HFlat_Brittany
Journey230,Active,1268,4,Brittany,Car,14,June,HolidayFlat,HFlat_Brittany
Journey231,Recreation,2108,5,Brittany,Car,14,July,HolidayFlat,HFlat_Brittany
Journey232,Recreation,1258,4,Brittany,Car,14,August,HolidayFlat,HFlat_Brittany
Journey233,Recreation,1797,4,Brittany,Car,21,June,HolidayFlat,HFlat_Brittany
Journey234,Bathing,3485,3,Attica,Plane,14,May,FourStars,Hotel_Golden_Coast_Attica
Journey235,Bathing,2038,2,Attica,Plane,14,April,TwoStars,Hotel_Calamos_Beach_Attica
Journey236,Bathing,3129,4,Attica,Plane,7,September,ThreeStars,Hotel_Kalypso_Club_Attica
Journey237,Bathing,2518,2,Attica,Plane,14,June,ThreeStars,Hotel_Menexelis_Attica
Journey238,Bathing,3215,3,Attica,Plane,14,July,ThreeStars,Hotel_Miramare_Attica
Journey239,Bathing,4002,3,Attica,Plane,21,September,FourStars,Hotel_Holidays_in_Evia_Attica
Journey240,Bathing,3216,4,Attica,Plane,7,August,ThreeStars,Hotel_Menexelis_Attica
Journey241,Bathing,1149,1,Attica,Plane,14,June,TwoStars,Hotel_Calamos_Beach_Attica
Journey242,Bathing,3658,2,Attica,Plane,14,July,FourStars,Hotel_Golden_Coast_Attica
Journey243,Bathing,3458,2,Attica,Plane,21,August,ThreeStars,Hotel_Menexelis_Attica
Journey244,Bathing,2742,3,Attica,Plane,14,July,TwoStars,Hotel_Calamos_Beach_Attica
Journey245,Recreation,2258,2,Attica,Plane,7,June,FourStars,Hotel_Golden_Coast_Attica
Journey246,Recreation,1169,1,Attica,Plane,14,September,ThreeStars,Hotel_Miramare_Attica
Journey247,Recreation,3215,3,Attica,Plane,14,August,ThreeStars,Hotel_Miramare_Attica
Journey248,Recreation,3378,2,Attica,Plane,21,May,FourStars,Hotel_Golden_Coast_Attica
Journey249,Bathing,2787,3,Chalkidiki,Plane,14,July,TwoStars,Hotel_Sermyli_Chalkidiki
Journey250,Bathing,4673,4,Chalkidiki,Plane,14,August,ThreeStars,Hotel_Portes_Beach_Chalkidiki
Journey251,Bathing,2898,2,Chalkidiki,Plane,21,September,ThreeStars,Hotel_Mendi_Chalkidiki
Journey252,Bathing,2538,2,Chalkidiki,Plane,14,June,ThreeStars,Hotel_Olympico_Chalkidiki
Journey253,Bathing,2427,3,Chalkidiki,Plane,7,July,ThreeStars,Hotel_Olympico_Chalkidiki
Journey254,Recreation,2358,2,Chalkidiki,Plane,14,May,ThreeStars,Hotel_Olympico_Chalkidiki
Journey255,Recreation,2898,2,Chalkidiki,Plane,21,September,ThreeStars,Hotel_Mendi_Chalkidiki
Journey256,Recreation,2398,2,Chalkidiki,Plane,14,June,ThreeStars,Hotel_Mendi_Chalkidiki
Journey257,Active,3718,3,Chalkidiki,Plane,14,July,FourStars,Hotel_Sani_Beach_Chalkidiki
Journey258,Active,3299,3,Chalkidiki,Plane,7,August,FourStars,Hotel_Sani_Beach_Chalkidik
Journey259,Active,3318,2,Chalkidiki,Plane,14,June,FourStars,Hotel_Sani_Beach_Chalkidik
Journey260,Recreation,5329,4,Chalkidiki,Plane,14,July,FourStars,Hotel_Athos_Palace_Chalkidiki
Journey261,Recreation,3258,2,Chalkidiki,Plane,21,May,FourStars,Hotel_Athos_Palace_Chalkidiki
Journey262,Recreation,3038,2,Chalkidiki,Plane,14,September,FourStars,Hotel_Athos_Palace_Chalkidiki
Journey263,Education,2738,2,Chalkidiki,Plane,21,October,FourStars,Hotel_Athos_Palace_Chalkidiki
Journey264,Bathing,2831,3,Corfu,Plane,14,June,TwoStars,Hotel_Iliada_Corfu
Journey265,Bathing,3644,4,Corfu,Plane,14,July,TwoStars,Hotel_Iliada_Corfu
Journey266,Bathing,3258,2,Corfu,Plane,21,September,ThreeStars,Hotel_Belvedere_Corfu
Journey267,Bathing,3793,3,Corfu,Plane,14,August,ThreeStars,Hotel_Belvedere_Corfu
Journey268,Bathing,2779,3,Corfu,Plane,7,August,ThreeStars,Hotel_Belvedere_Corfu
Journey269,Bathing,2698,2,Corfu,Plane,14,June,ThreeStars,Hotel_Coral_Corfu
Journey270,Bathing,3649,3,Corfu,Plane,21,September,ThreeStars,Hotel_Coral_Corfu
Journey271,Bathing,3078,2,Corfu,Plane,14,July,ThreeStars,Hotel_Coral_Corfu
Journey272,Bathing,3198,2,Corfu,Plane,14,September,ThreeStars,Hotel_Mirabell_Corfu
Journey273,Active,3758,2,Corfu,Plane,21,June,ThreeStars,Hotel_Mirabell_Corfu
Journey274,Active,3198,3,Corfu,Plane,14,August,ThreeStars,Hotel_Mirabell_Corfu
Journey275,Active,2158,2,Corfu,Plane,7,July,FourStars,Hotel_Regency_Corfu
Journey276,Recreation,3418,2,Corfu,Plane,21,June,FourStars,Hotel_Regency_Corfu
Journey277,Recreation,3038,2,Corfu,Plane,14,September,FourStars,Hotel_Kerkyra_Golf_Corfu
Journey278,Recreation,2043,3,Corfu,Plane,7,May,FourStars,Hotel_Kerkyra_Golf_Corfu
Journey279,Bathing,2498,2,Crete,Plane,14,June,TwoStars,Hotel_Oceanis_Crete
Journey280,Bathing,2417,3,Crete,Plane,14,July,TwoStars,Hotel_Ilios_Crete
Journey281,Active,2825,4,Crete,Plane,7,August,TwoStars,Hotel_Oceanis_Crete
Journey282,Bathing,3498,2,Crete,Plane,14,September,ThreeStars,Hotel_Creta_Beach_Crete
Journey283,Bathing,4198,2,Crete,Plane,21,June,ThreeStars,Hotel_Creta_Beach_Crete
Journey284,Bathing,3847,3,Crete,Plane,14,August,ThreeStars,Hotel_Creta_Beach_Crete
Journey285,Bathing,3175,4,Crete,Plane,7,July,ThreeStars,Hotel_Gortyna_Crete
Journey286,Active,3038,2,Crete,Plane,14,September,ThreeStars,Hotel_Gortyna_Crete
Journey287,Active,2758,2,Crete,Plane,14,June,ThreeStars,Hotel_Gortyna_Crete
Journey288,Bathing,3198,2,Crete,Plane,14,June,FourStars,Hotel_Fodele_Beach_Crete
Journey289,Bathing,2298,2,Crete,Plane,7,May,FourStars,Hotel_Fodele_Beach_Crete
Journey290,Bathing,6609,3,Crete,Plane,21,July,FourStars,Hotel_Bali_Paradise_Crete
Journey291,Active,4068,3,Crete,Plane,14,August,FourStars,Hotel_Bali_Paradise_Crete
Journey292,Active,4463,3,Crete,Plane,21,June,FourStars,Hotel_Europa_Beach_Crete
Journey293,Education,3038,2,Crete,Plane,14,May,FourStars,Hotel_Europa_Beach_Crete
Journey294,Bathing,2263,3,Rhodes,Plane,14,May,TwoStars,Studios_Argiro_Rhodes
Journey295,Bathing,2428,2,Rhodes,Plane,21,June,TwoStars,Studios_Argiro_Rhodes
Journey296,Bathing,2263,3,Rhodes,Plane,7,July,ThreeStars,Hotel_Dafni_Rhodes
Journey297,Bathing,3553,4,Rhodes,Plane,14,August,ThreeStars,Hotel_Dafni_Rhodes
Journey298,Bathing,2791,3,Rhodes,Plane,14,July,ThreeStars,Hotel_Dafni_Rhodes
Journey299,Recreation,1968,2,Rhodes,Plane,7,May,ThreeStars,Hotel_Kalithea_Sun_Rhodes
Journey300,Active,2758,2,Rhodes,Plane,14,June,ThreeStars,Hotel_Kalithea_Sun_Rhodes
Journey301,Active,4364,3,Rhodes,Plane,21,July,ThreeStars,Hotel_Kalithea_Sun_Rhodes
Journey302,Education,2478,2,Rhodes,Plane,14,October,ThreeStars,Hotel_Kalithea_Sun_Rhodes
Journey303,Bathing,3869,3,Rhodes,Plane,14,July,FourStars,Hotel_Columbia_Resort_Rhodes
Journey304,Bathing,3958,2,Rhodes,Plane,21,September,FourStars,Hotel_Columbia_Resort_Rhodes
Journey305,Bathing,4925,4,Rhodes,Plane,14,August,FourStars,Hotel_Columbia_Resort_Rhodes
Journey306,Active,3498,2,Rhodes,Plane,14,July,FourStars,Hotel_Paradise_Beach_Rhodes
Journey307,Recreation,2298,2,Rhodes,Plane,7,June,FourStars,Hotel_Paradise_Beach_Rhodes
Journey308,Education,3098,2,Rhodes,Plane,14,September,FourStars,Hotel_Paradise_Beach_Rhodes
Journey309,Education,2068,4,England,Car,14,June,HolidayFlat,HFlat_England
Journey310,Language,3582,6,England,Car,21,July,HolidayFlat,HFlat_England
Journey311,Language,2398,8,England,Car,14,August,HolidayFlat,HFlat_England
Journey312,Recreation,2298,7,England,Car,14,September,HolidayFlat,HFlat_England
Journey313,Recreation,3297,6,England,Car,21,July,HolidayFlat,HFlat_England
Journey314,Education,3208,8,Ireland,Car,14,August,HolidayFlat,HFlat_Ireland
Journey315,Language,2592,6,Ireland,Car,21,June,HolidayFlat,HFlat_Ireland
Journey316,Language,2048,7,Ireland,Car,14,July,HolidayFlat,HFlat_Ireland
Journey317,Recreation,2388,4,Ireland,Car,14,August,HolidayFlat,HFlat_Ireland
Journey318,Recreation,2457,8,Ireland,Car,21,September,HolidayFlat,HFlat_Ireland
Journey319,Education,2458,3,Scotland,Car,14,June,HolidayFlat,HFlat_Scotland
Journey320,Language,3282,2,Scotland,Car,21,July,HolidayFlat,HFlat_Scotland
Journey321,Language,3878,6,Scotland,Car,14,August,HolidayFlat,HFlat_Scotland
Journey322,Recreation,2738,2,Scotland,Car,14,September,HolidayFlat,HFlat_Scotland
Journey323,Recreation,2248,2,Scotland,Car,21,July,HolidayFlat,HFlat_Scotland
Journey324,Education,1808,5,Wales,Car,14,June,HolidayFlat,HFlat_Wales
Journey325,Language,3732,5,Wales,Car,21,July,HolidayFlat,HFlat_Wales
Journey326,Language,2628,6,Wales,Car,14,August,HolidayFlat,HFlat_Wales
Journey327,Recreation,1888,6,Wales,Car,14,September,HolidayFlat,HFlat_Wales
Journey328,Recreation,3297,6,Wales,Car,21,July,HolidayFlat,HFlat_Wales
Journey329,Bathing,1408,6,NorthSea,Car,14,June,HolidayFlat,HFlat_North_Sea_Holland
Journey330,Bathing,649,5,NorthSea,Car,7,July,HolidayFlat,HFlat_North_Sea_Holland
Journey331,Bathing,1478,3,NorthSea,Car,14,August,HolidayFlat,HFlat_North_Sea_Holland
Journey332,Active,1598,4,NorthSea,Car,14,July,HolidayFlat,HFlat_North_Sea_Holland
Journey333,Recreation,559,6,NorthSea,Train,7,August,HolidayFlat,HFlat_North_Sea_Holland
Journey334,Recreation,1198,3,NorthSea,Train,14,September,HolidayFlat,HFlat_North_Sea_Holland
Journey335,Active,514,5,NorthSea,Coach,7,June,HolidayFlat,HFlat_North_Sea_Holland
Journey336,Bathing,474,5,NorthSea,Car,3,June,HolidayFlat,HFlat_North_Sea_Holland
Journey337,Bathing,539,4,NorthSea,Car,3,May,HolidayFlat,HFlat_North_Sea_Holland
Journey338,Bathing,329,6,NorthSea,Car,3,June,HolidayFlat,HFlat_North_Sea_Holland
Journey339,Active,3280,4,Holland,Car,14,April,HolidayFlat,Park_Gran_Dorado_Holland
Journey340,Active,790,2,Holland,Train,7,May,HolidayFlat,Park_Gran_Dorado_Holland
Journey341,Active,2620,4,Holland,Train,14,June,HolidayFlat,Park_Gran_Dorado_Holland
Journey342,Active,1900,5,Holland,Train,14,October,HolidayFlat,Park_Gran_Dorado_Holland
Journey343,Recreation,2760,4,Holland,Train,14,July,HolidayFlat,Park_Gran_Dorado_Holland
Journey344,Recreation,1580,6,Holland,Coach,7,August,HolidayFlat,Park_Gran_Dorado_Holland
Journey345,Recreation,2468,2,Holland,Coach,14,September,HolidayFlat,Park_Gran_Dorado_Holland
Journey346,Recreation,2780,4,Holland,Coach,14,July,HolidayFlat,Park_Gran_Dorado_Holland
Journey347,Recreation,485,2,Holland,Coach,3,May,HolidayFlat,Park_Gran_Dorado_Holland
Journey348,Recreation,735,4,Holland,Coach,4,June,HolidayFlat,Park_Gran_Dorado_Holland
Journey349,Recreation,705,6,Holland,Coach,3,September,HolidayFlat,Park_Gran_Dorado_Holland
Journey350,Bathing,1438,2,AdriaticSea,Car,14,June,TwoStars,Hotel_Mexico_Adriatic_Sea
Journey351,Bathing,1375,3,AdriaticSea,Car,7,July,TwoStars,Hotel_Tropic_Adriatic_Sea
Journey352,Bathing,1547,4,AdriaticSea,Car,14,August,TwoStars,Hotel_Mexico_Adriatic_Sea
Journey353,Bathing,1238,2,AdriaticSea,Car,14,September,TwoStars,Hotel_Mexico_Adriatic_Sea
Journey354,Bathing,2311,3,AdriaticSea,Car,14,August,TwoStars,Hotel_Tropic_Adriatic_Sea
Journey355,Active,1193,3,AdriaticSea,Car,7,July,TwoStars,Hotel_Sporting_Adriatic_Sea
Journey356,Recreation,1758,2,AdriaticSea,Car,21,May,TwoStars,Hotel_Sporting_Adriatic_Sea
Journey357,Bathing,1678,2,AdriaticSea,Car,14,July,ThreeStars,Hotel_Nautilus_Adriatic_Sea
Journey358,Bathing,1349,4,AdriaticSea,Car,7,August,ThreeStars,Hotel_Nautilus_Adriatic_Sea
Journey359,Recreation,1278,2,AdriaticSea,Car,14,June,ThreeStars,Hotel_Nautilus_Adriatic_Sea
Journey360,Bathing,679,6,AdriaticSea,Car,7,June,HolidayFlat,HFlat_Adriatic_Sea
Journey361,Bathing,699,4,AdriaticSea,Car,7,July,HolidayFlat,HFlat_Adriatic_Sea
Journey362,Bathing,1139,5,AdriaticSea,Car,7,August,HolidayFlat,HFlat_Adriatic_Sea
Journey363,Bathing,439,6,AdriaticSea,Car,14,September,HolidayFlat,HFlat_Adriatic_Sea
Journey364,Bathing,598,2,AdriaticSea,Car,14,May,HolidayFlat,HFlat_Adriatic_Sea
Journey365,Bathing,1538,3,AdriaticSea,Car,14,July,HolidayFlat,HFlat_Adriatic_Sea
Journey366,Active,998,4,AdriaticSea,Car,14,June,HolidayFlat,HFlat_Adriatic_Sea
Journey367,Active,1359,8,AdriaticSea,Car,7,August,HolidayFlat,HFlat_Adriatic_Sea
Journey368,Recreation,798,3,AdriaticSea,Car,14,September,HolidayFlat,HFlat_Adriatic_Sea
Journey369,Recreation,399,6,AdriaticSea,Car,7,June,HolidayFlat,HFlat_Adriatic_Sea
Journey370,Recreation,1608,2,LakeGarda,Car,14,May,TwoStars,Hotel_Palme_Lake_Garda
Journey371,Recreation,1838,2,LakeGarda,Car,14,June,TwoStars,Hotel_Marco_Polo_Lake_Garda
Journey372,Recreation,1593,4,LakeGarda,Car,7,July,TwoStars,Hotel_Palme_Lake_Garda
Journey373,Bathing,2897,3,LakeGarda,Car,14,August,ThreeStars,Hotel_Excelsior_Bay_Lake_Garda
Journey374,Active,1098,2,LakeGarda,Car,7,September,ThreeStars,Hotel_Excelsior_Bay_Lake_Garda
Journey375,Active,2897,3,LakeGarda,Car,14,June,ThreeStars,Hotel_Royal_Lake_Garda
Journey376,Wandering,5497,3,LakeGarda,Car,21,July,ThreeStars,Hotel_Royal_Lake_Garda
Journey377,Recreation,2118,2,LakeGarda,Car,14,September,FourStars,Hotel_Olimpo_Lake_Garda
Journey378,Recreation,3138,2,LakeGarda,Car,21,May,FourStars,Hotel_Olimpo_Lake_Garda
Journey379,Wandering,3678,3,LakeGarda,Car,14,July,FourStars,Hotel_Leonardo_Lake_Garda
Journey380,Recreation,798,4,LakeGarda,Car,14,May,HolidayFlat,HFlat_Gardasee_Italy
Journey381,Recreation,1398,5,LakeGarda,Car,14,June,HolidayFlat,HFlat_Gardasee_Italy
Journey382,Recreation,479,6,LakeGarda,Car,7,July,HolidayFlat,HFlat_Gardasee_Italy
Journey383,Recreation,624,2,LakeGarda,Car,7,August,HolidayFlat,HFlat_Gardasee_Italy
Journey384,Active,579,3,LakeGarda,Car,7,September,HolidayFlat,HFlat_Gardasee_Italy
Journey385,Active,884,6,LakeGarda,Car,7,July,HolidayFlat,HFlat_Gardasee_Italy
Journey386,Active,928,2,LakeGarda,Car,14,June,HolidayFlat,HFlat_Gardasee_Italy
Journey387,Bathing,1099,3,LakeGarda,Car,7,August,HolidayFlat,HFlat_Gardasee_Italy
Journey388,Wandering,599,4,LakeGarda,Car,7,September,HolidayFlat,HFlat_Gardasee_Italy
Journey389,Wandering,1078,2,LakeGarda,Car,14,June,HolidayFlat,HFlat_Gardasee_Italy
Journey390,Bathing,1178,2,Riviera,Car,14,July,OneStar,Hotel_Tritone_Ital_Riviera
Journey391,Bathing,622,3,Riviera,Car,7,August,OneStar,Hotel_Tritone_Ital_Riviera
Journey392,Recreation,648,2,Riviera,Car,7,April,TwoStars,Hotel_Al_Sole_Ital_Riviera
Journey393,Recreation,1508,2,Riviera,Car,14,June,TwoStars,Hotel_Al_Sole_Ital_Riviera
Journey394,Bathing,747,3,Riviera,Car,7,September,TwoStars,Hotel_La_Vela_Ital_Riviera
Journey395,Bathing,2222,4,Riviera,Car,14,July,TwoStars,Hotel_La_Vela_Ital_Riviera
Journey396,Bathing,869,5,Riviera,Car,7,July,HolidayFlat,HFlat_Riviera_Italy
Journey397,Bathing,484,3,Riviera,Car,7,August,HolidayFlat,HFlat_Riviera_Italy
Journey398,Bathing,599,2,Riviera,Car,14,September,HolidayFlat,HFlat_Riviera_Italy
Journey399,Bathing,2678,4,Riviera,Car,14,August,HolidayFlat,HFlat_Riviera_Italy
Journey400,Bathing,1738,3,Riviera,Car,14,July,HolidayFlat,HFlat_Riviera_Italy
Journey401,Recreation,429,6,Riviera,Car,7,June,HolidayFlat,HFlat_Riviera_Italy
Journey402,Recreation,1088,6,Riviera,Car,14,May,HolidayFlat,HFlat_Riviera_Italy
Journey403,Active,529,4,Riviera,Car,7,June,HolidayFlat,HFlat_Riviera_Italy
Journey404,Active,1588,2,Riviera,Car,14,July,HolidayFlat,HFlat_Riviera_Italy
Journey405,Wandering,1258,2,Tyrol,Car,14,June,TwoStars,Pension_garni_Toni_South_Tyrol
Journey406,Recreation,822,3,Tyrol,Car,7,May,TwoStars,Pension_garni_Toni_South_Tyrol
Journey407,Wandering,1499,3,Tyrol,Car,14,July,ThreeStars,Hotel_Untersteinerhof_South_Tyrol
Journey408,Wandering,718,2,Tyrol,Car,7,September,ThreeStars,Hotel_Untersteinerhof_South_Tyrol
Journey409,Recreation,1528,2,Tyrol,Car,14,August,ThreeStars,Gasthof_Adler_South_Tyrol
Journey410,Active,798,2,Tyrol,Car,7,July,ThreeStars,Gasthof_Adler_South_Tyrol
Journey411,Wandering,1479,3,Tyrol,Car,7,June,FourStars,Posthotel_Weisses_Roessel_South_Tyrol
Journey412,Wandering,2658,2,Tyrol,Car,14,July,FourStars,Posthotel_Weisses_Roessel_South_Tyrol
Journey413,Recreation,1997,4,Tyrol,Car,7,September,FourStars,Hotel_Nido_South_Tyrol
Journey414,Recreation,2888,2,Tyrol,Car,14,June,FourStars,Hotel_Nido_South_Tyrol
Journey415,Wandering,439,4,Tyrol,Car,7,June,HolidayFlat,HFlat_Tirol_Italy
Journey416,Wandering,319,3,Tyrol,Car,7,July,HolidayFlat,HFlat_Tirol_Italy
Journey417,Recreation,769,6,Tyrol,Car,7,August,HolidayFlat,HFlat_Tirol_Italy
Journey418,Recreation,1398,4,Tyrol,Car,14,September,HolidayFlat,HFlat_Tirol_Italy
Journey419,Active,559,4,Tyrol,Car,7,May,HolidayFlat,HFlat_Tirol_Italy
Journey420,Language,2039,1,Malta,Plane,21,September,TwoStars,Sprachkurs_Malta
Journey421,Language,4078,2,Malta,Plane,21,July,TwoStars,Sprachkurs_Malta
Journey422,Language,1539,1,Malta,Plane,14,August,TwoStars,Sprachkurs_Malta
Journey423,Bathing,1598,2,Malta,Plane,14,June,TwoStars,Hotel_Viking_Malta
Journey424,Language,2039,1,Malta,Plane,21,September,ThreeStars,Sprachkurs_Malta
Journey425,Bathing,3637,3,Malta,Plane,14,July,ThreeStars,Hotel_Calypso_Malta
Journey426,Bathing,4476,4,Malta,Plane,14,August,ThreeStars,Hotel_Calypso_Malta
Journey427,Bathing,4729,3,Malta,Plane,21,July,ThreeStars,Hotel_Calypso_Malta
Journey428,Active,3078,2,Malta,Plane,14,September,ThreeStars,Hotel_Atlantis_Malta
Journey429,Recreation,3518,2,Malta,Plane,21,May,ThreeStars,Hotel_Atlantis_Malta
Journey430,Bathing,4147,3,Malta,Plane,14,August,FourStars,Hotel_Suncrest_Malta
Journey431,Bathing,3978,2,Malta,Plane,21,June,FourStars,Hotel_Suncrest_Malta
Journey432,Active,3267,4,Malta,Plane,7,July,FourStars,Hotel_Suncrest_Malta
Journey433,Active,4391,3,Malta,Plane,14,August,FourStars,Hotel_Cornucopia_Malta
Journey434,Recreation,3278,2,Malta,Plane,14,May,FourStars,Hotel_Cornucopia_Malta
Journey435,Wandering,1008,2,Carinthia,Car,14,May,TwoStars,Pension_Linde_Carinthia
Journey436,Wandering,538,3,Carinthia,Car,7,June,TwoStars,Pension_Linde_Carinthia
Journey437,Recreation,1472,3,Carinthia,Car,14,July,TwoStars,Pension_Seehof_Carinthia
Journey438,Recreation,1438,2,Carinthia,Car,21,August,TwoStars,Pension_Seehof_Carinthia
Journey439,Wandering,1498,2,Carinthia,Car,14,September,ThreeStars,Aktivhotel_Alte_Muehle_Carinthia
Journey440,Wandering,1326,5,Carinthia,Car,7,August,ThreeStars,Ferienhotel_Eichenhof_Carinthia
Journey441,Wandering,1247,3,Carinthia,Car,7,July,ThreeStars,Ferienhotel_Eichenhof_Carinthia
Journey442,Recreation,1058,2,Carinthia,Car,7,June,ThreeStars,Hotel_Ebner_Carinthia
Journey443,Recreation,1698,2,Carinthia,Car,14,May,ThreeStars,Hotel_Ebner_Carinthia
Journey444,Active,2572,3,Carinthia,Car,14,July,ThreeStars,Aktivhotel_Alte_Muehle_Carinthia
Journey445,Wandering,499,4,Carinthia,Car,7,May,HolidayFlat,HFlat_Kaernten
Journey446,Wandering,1049,6,Carinthia,Car,7,June,HolidayFlat,HFlat_Kaernten
Journey447,Wandering,779,4,Carinthia,Car,7,July,HolidayFlat,HFlat_Kaernten
Journey448,Wandering,1858,3,Carinthia,Car,14,August,HolidayFlat,HFlat_Kaernten
Journey449,Recreation,1149,6,Carinthia,Car,7,September,HolidayFlat,HFlat_Kaernten
Journey450,Recreation,559,3,Carinthia,Car,7,May,HolidayFlat,HFlat_Kaernten
Journey451,Recreation,1073,2,Carinthia,Car,14,June,HolidayFlat,HFlat_Kaernten
Journey452,Recreation,1358,3,Carinthia,Car,14,July,HolidayFlat,HFlat_Kaernten
Journey453,Active,829,6,Carinthia,Car,7,August,HolidayFlat,HFlat_Kaernten
Journey454,Active,579,4,Carinthia,Car,7,September,HolidayFlat,HFlat_Kaernten
Journey455,Wandering,778,2,SalzbergerLand,Car,14,May,TwoStars,Pension_Claudia_Salzb_Land
Journey456,Recreation,418,2,SalzbergerLand,Car,7,June,TwoStars,Pension_Claudia_Salzb_Land
Journey457,Wandering,1572,3,SalzbergerLand,Car,14,July,ThreeStars,Hotel_Tauernhof_Salzb_Land
Journey458,Active,837,4,SalzbergerLand,Car,7,August,ThreeStars,Hotel_Tauernhof_Salzb_Land
Journey459,Wandering,718,2,SalzbergerLand,Car,7,September,ThreeStars,Gasthof_Bachschmied_Salzb_Land
Journey460,Recreation,2038,2,SalzbergerLand,Car,21,May,ThreeStars,Gasthof_Bachschmied_Salzb_Land
Journey461,Wandering,1538,3,SalzbergerLand,Car,14,June,FourStars,Hotel_Eschbacher_Salzb_Land
Journey462,Recreation,2322,3,SalzbergerLand,Car,14,July,FourStars,Hotel_Eschbacher_Salzb_Land
Journey463,Wandering,2127,4,SalzbergerLand,Car,7,August,FourStars,Hotel_Norica_Salzb_Land
Journey464,Active,2627,3,SalzbergerLand,Car,14,September,FourStars,Hotel_Norica_Salzb_Land
Journey465,Wandering,1798,2,SalzbergerLand,Car,7,July,FiveStars,Alpnerresidenz_Salzb_Land
Journey466,Recreation,1518,2,SalzbergerLand,Car,7,June,FiveStars,Alpnerresidenz_Salzb_Land
Journey467,Wandering,684,4,SalzbergerLand,Car,7,May,HolidayFlat,HFlat_Salzb_Land
Journey468,Wandering,729,6,SalzbergerLand,Car,7,June,HolidayFlat,HFlat_Salzb_Land
Journey469,Wandering,699,4,SalzbergerLand,Car,7,July,HolidayFlat,HFlat_Salzb_Land
Journey470,Wandering,349,2,SalzbergerLand,Car,14,August,HolidayFlat,HFlat_Salzb_Land
Journey471,Recreation,354,3,SalzbergerLand,Car,7,September,HolidayFlat,HFlat_Salzb_Land
Journey472,Recreation,399,2,SalzbergerLand,Car,7,August,HolidayFlat,HFlat_Salzb_Land
Journey473,Recreation,719,6,SalzbergerLand,Car,7,July,HolidayFlat,HFlat_Salzb_Land
Journey474,Recreation,1223,4,SalzbergerLand,Car,14,June,HolidayFlat,HFlat_Salzb_Land
Journey475,Active,484,3,SalzbergerLand,Car,7,July,HolidayFlat,HFlat_Salzb_Land
Journey476,Active,1228,4,SalzbergerLand,Car,14,June,HolidayFlat,HFlat_Salzb_Land
Journey477,Wandering,898,2,Styria,Car,14,June,TwoStars,Gasthof_Mayer_Styria
Journey478,Recreation,478,3,Styria,Car,7,May,TwoStars,Gasthof_Mayer_Styria
Journey479,Wandering,2372,3,Styria,Car,14,July,ThreeStars,Hotel_Berghof_Styria
Journey480,Wandering,1227,4,Styria,Car,7,August,ThreeStars,Hotel_Berghof_Styria
Journey481,Active,1578,2,Styria,Car,14,September,ThreeStars,Hotel_Berghof_Styria
Journey482,Wandering,847,3,Styria,Car,7,May,FourStars,Hotel_Haeuserl_am_Wald_Styria
Journey483,Recreation,678,2,Styria,Car,7,June,FourStars,Hotel_Haeuserl_am_Wald_Styria
Journey484,Wandering,379,2,Styria,Car,7,July,HolidayFlat,HFlat_Styria
Journey485,Wandering,369,4,Styria,Car,7,August,HolidayFlat,HFlat_Styria
Journey486,Wandering,708,2,Styria,Car,14,September,HolidayFlat,HFlat_Styria
Journey487,Recreation,569,6,Styria,Car,7,August,HolidayFlat,HFlat_Styria
Journey488,Recreation,379,4,Styria,Car,7,July,HolidayFlat,HFlat_Styria
Journey489,Recreation,429,4,Styria,Car,7,June,HolidayFlat,HFlat_Styria
Journey490,Recreation,348,2,Styria,Car,14,May,HolidayFlat,HFlat_Styria
Journey491,Active,909,4,Styria,Car,7,July,HolidayFlat,HFlat_Styria
Journey492,Wandering,548,2,Tyrol,Car,7,May,OneStar,Gasthof_Edelweiss_Tyrol
Journey493,Wandering,685,3,Tyrol,Car,7,June,OneStar,Gasthof_Edelweiss_Tyrol
Journey494,Wandering,897,4,Tyrol,Car,7,July,TwoStars,Gasthof_Post_Tyrol
Journey495,Wandering,2322,3,Tyrol,Car,14,August,TwoStars,Pension_Tannenhof_Tyrol
Journey496,Recreation,698,2,Tyrol,Car,7,September,TwoStars,Gasthof_Sonne_Tyrol
Journey497,Wandering,798,2,Tyrol,Car,7,August,ThreeStars,Gasthof_Panorama_Tyrol
Journey498,Wandering,1808,2,Tyrol,Car,14,July,ThreeStars,Gasthof_Panorama_Tyrol
Journey499,Recreation,1972,3,Tyrol,Car,14,June,ThreeStars,Ferienhotel_Neuwirt_Tyrol
Journey500,Active,818,2,Tyrol,Car,7,June,ThreeStars,Ferienhotel_Neuwirt_Tyrol
Journey501,Wandering,738,2,Tyrol,Car,7,May,FourStars,Hotel_Wastlhof_Tyrol
Journey502,Wandering,3267,4,Tyrol,Car,14,July,FourStars,Hotel_Klausen_Tyrol
Journey503,Recreation,1571,5,Tyrol,Car,7,August,FourStars,Hotel_Unterwirt_Tyrol
Journey504,Wandering,1198,2,Tyrol,Car,7,September,FiveStars,Hotel_Alpenresidence_Tyrol
Journey505,Recreation,1847,3,Tyrol,Car,7,July,FiveStars,Hotel_Alpenresidence_Tyrol
Journey506,Active,3098,3,Tyrol,Car,14,August,FiveStars,Aparthotel_Hopfgarten
Journey507,Wandering,449,3,Tyrol,Car,7,May,HolidayFlat,HFlat_Tyrol
Journey508,Wandering,654,5,Tyrol,Car,7,June,HolidayFlat,HFlat_Tyrol
Journey509,Wandering,539,4,Tyrol,Car,7,July,HolidayFlat,HFlat_Tyrol
Journey510,Wandering,609,5,Tyrol,Car,7,August,HolidayFlat,HFlat_Tyrol
Journey511,Wandering,484,2,Tyrol,Car,7,September,HolidayFlat,HFlat_Tyrol
Journey512,Wandering,789,6,Tyrol,Car,7,August,HolidayFlat,HFlat_Tyrol
Journey513,Wandering,838,3,Tyrol,Car,14,July,HolidayFlat,HFlat_Tyrol
Journey514,Wandering,728,2,Tyrol,Car,14,June,HolidayFlat,HFlat_Tyrol
Journey515,Recreation,729,5,Tyrol,Car,7,May,HolidayFlat,HFlat_Tyrol
Journey516,Recreation,849,6,Tyrol,Car,7,June,HolidayFlat,HFlat_Tyrol
Journey517,Recreation,494,3,Tyrol,Car,7,July,HolidayFlat,HFlat_Tyrol
Journey518,Recreation,599,5,Tyrol,Car,7,August,HolidayFlat,HFlat_Tyrol
Journey519,Recreation,688,2,Tyrol,Car,14,September,HolidayFlat,HFlat_Tyrol
Journey520,Active,789,7,Tyrol,Car,7,June,HolidayFlat,HFlat_Tyrol
Journey521,Active,1538,4,Tyrol,Car,14,July,HolidayFlat,HFlat_Tyrol
Journey522,Bathing,2518,2,Algarve,Plane,14,May,TwoStars,Anlage_Aldeia_Algarve
Journey523,Bathing,2562,3,Algarve,Plane,14,June,TwoStars,Anlage_Aldeia_Algarve
Journey524,Active,2371,3,Algarve,Plane,7,July,TwoStars,Anlage_Aldeia_Algarve
Journey525,Bathing,3271,3,Algarve,Plane,21,September,ThreeStars,Hotel_Tropico_Algarve
Journey526,Bathing,3398,2,Algarve,Plane,14,August,ThreeStars,Hotel_Tropico_Algarve
Journey527,Bathing,2998,2,Algarve,Plane,14,June,ThreeStars,Hotel_Tropico_Algarve
Journey528,Bathing,4253,4,Algarve,Plane,7,July,ThreeStars,Hotel_California_Algarve
Journey529,Bathing,3758,2,Algarve,Plane,14,September,ThreeStars,Hotel_California_Algarve
Journey530,Active,4885,3,Algarve,Plane,14,June,ThreeStars,Hotel_California_Algarve
Journey531,Active,3958,2,Algarve,Plane,21,May,ThreeStars,Hotel_California_Algarve
Journey532,Active,2678,2,Algarve,Plane,7,July,ThreeStars,Eurotel_Altura_Algarve
Journey533,Recreation,3078,2,Algarve,Plane,14,April,ThreeStars,Eurotel_Altura_Algarve
Journey534,Recreation,2158,2,Algarve,Plane,7,October,ThreeStars,Eurotel_Altura_Algarve
Journey535,Bathing,3642,3,Algarve,Plane,14,July,FourStars,Hotel_Neptuno_Algarve
Journey536,Active,4533,4,Algarve,Plane,14,August,FourStars,Hotel_Neptuno_Algarve
Journey537,Bathing,3518,2,Madeira,Plane,14,June,TwoStars,Anlage_Canico_Madeira
Journey538,Bathing,3440,3,Madeira,Plane,14,July,TwoStars,Anlage_Canico_Madeira
Journey539,Bathing,4126,3,Madeira,Plane,21,August,TwoStars,Anlage_Canico_Madeira
Journey540,Active,3518,2,Madeira,Plane,14,September,TwoStars,Anlage_Canico_Madeira
Journey541,Bathing,3238,2,Madeira,Plane,14,June,ThreeStars,Hotel_Mimosa_Madeira
Journey542,Bathing,4091,4,Madeira,Plane,7,July,ThreeStars,Hotel_Mimosa_Madeira
Journey543,Bathing,4452,3,Madeira,Plane,21,September,ThreeStars,Hotel_Mimosa_Madeira
Journey544,Active,3598,2,Madeira,Plane,14,August,ThreeStars,Hotel_Orca_Praia_Madeira
Journey545,Active,4438,2,Madeira,Plane,21,September,ThreeStars,Hotel_Orca_Praia_Madeira
Journey546,Recreation,4318,2,Madeira,Plane,21,May,ThreeStars,Hotel_Orca_Praia_Madeira
Journey547,Recreation,3318,2,Madeira,Plane,14,October,ThreeStars,Hotel_Orca_Praia_Madeira
Journey548,Bathing,2922,3,Madeira,Plane,7,July,FourStars,Hotel_Raga_Madeira
Journey549,Bathing,5225,4,Madeira,Plane,14,August,FourStars,Hotel_Raga_Madeira
Journey550,Active,3989,2,Madeira,Plane,14,June,FourStars,Hotel_Oasis_Atlantic_Madeira
Journey551,Active,3897,3,Madeira,Plane,7,July,FourStars,Hotel_Oasis_Atlantic_Madeira
Journey552,Recreation,469,4,Sweden,Car,7,June,HolidayFlat,HFlat_Sweden
Journey553,Recreation,799,6,Sweden,Car,7,July,HolidayFlat,HFlat_Sweden
Journey554,Recreation,519,5,Sweden,Car,7,August,HolidayFlat,HFlat_Sweden
Journey555,Recreation,539,4,Sweden,Car,7,September,HolidayFlat,HFlat_Sweden
Journey556,Recreation,989,6,Sweden,Car,7,October,HolidayFlat,HFlat_Sweden
Journey557,Recreation,649,6,Sweden,Car,7,August,HolidayFlat,HFlat_Sweden
Journey558,Recreation,779,4,Sweden,Car,7,July,HolidayFlat,HFlat_Sweden
Journey559,Recreation,1578,4,Sweden,Car,14,June,HolidayFlat,HFlat_Sweden
Journey560,Recreation,1538,4,Sweden,Car,14,July,HolidayFlat,HFlat_Sweden
Journey561,Recreation,1318,4,Sweden,Car,14,August,HolidayFlat,HFlat_Sweden
Journey562,Recreation,1178,6,Sweden,Car,14,September,HolidayFlat,HFlat_Sweden
Journey563,Wandering,639,6,Sweden,Car,7,June,HolidayFlat,HFlat_Sweden
Journey564,Wandering,799,6,Sweden,Car,7,July,HolidayFlat,HFlat_Sweden
Journey565,Wandering,789,4,Sweden,Car,7,August,HolidayFlat,HFlat_Sweden
Journey566,Wandering,938,4,Sweden,Car,14,September,HolidayFlat,HFlat_Sweden
Journey567,Wandering,764,3,Alps,Car,7,May,HolidayFlat,HFlat_Switzerland
Journey568,Wandering,494,2,Alps,Car,7,June,HolidayFlat,HFlat_Switzerland
Journey569,Wandering,989,6,Alps,Car,7,July,HolidayFlat,HFlat_Switzerland
Journey570,Wandering,799,4,Alps,Car,7,August,HolidayFlat,HFlat_Switzerland
Journey571,Wandering,839,2,Alps,Car,7,September,HolidayFlat,HFlat_Switzerland
Journey572,Wandering,799,3,Alps,Car,7,June,HolidayFlat,HFlat_Switzerland
Journey573,Wandering,779,6,Alps,Car,7,July,HolidayFlat,HFlat_Switzerland
Journey574,Wandering,529,4,Alps,Car,7,August,HolidayFlat,HFlat_Switzerland
Journey575,Wandering,858,3,Alps,Car,14,September,HolidayFlat,HFlat_Switzerland
Journey576,Wandering,1303,4,Alps,Car,14,June,HolidayFlat,HFlat_Switzerland
Journey577,Wandering,738,6,Alps,Car,14,May,HolidayFlat,HFlat_Switzerland
Journey578,Wandering,908,2,Alps,Car,14,July,HolidayFlat,HFlat_Switzerland
Journey579,Recreation,729,3,Alps,Car,7,May,HolidayFlat,HFlat_Switzerland
Journey580,Recreation,779,6,Alps,Car,7,June,HolidayFlat,HFlat_Switzerland
Journey581,Recreation,519,4,Alps,Car,7,July,HolidayFlat,HFlat_Switzerland
Journey582,Recreation,1184,4,Alps,Car,7,August,HolidayFlat,HFlat_Switzerland
Journey583,Recreation,629,2,Alps,Car,7,September,HolidayFlat,HFlat_Switzerland
Journey584,Recreation,858,3,Alps,Car,14,June,HolidayFlat,HFlat_Switzerland
Journey585,Recreation,1298,4,Alps,Car,14,July,HolidayFlat,HFlat_Switzerland
Journey586,Recreation,1958,6,Alps,Car,14,August,HolidayFlat,HFlat_Switzerland
Journey587,Bathing,1317,4,CostaBlanca,Car,7,August,TwoStars,Hotel_Torre_Dorada_Costa_Blanca
Journey588,Bathing,2800,3,CostaBlanca,Car,14,July,ThreeStars,Hotel_Galetamar_Costa_Blanca
Journey589,Bathing,1058,2,CostaBlanca,Car,7,August,FourStars,Hotel_Roca_Esmeralda_Costa_Blanca
Journey590,Bathing,3222,3,CostaBlanca,Car,14,July,FourStars,Hotel_Roca_Esmeralda_Costa_Blanca
Journey591,Recreation,1014,10,CostaBlanca,Car,7,May,HolidayFlat,HFlat_Costa_Blanca
Journey592,Recreation,539,4,CostaBlanca,Car,14,June,HolidayFlat,HFlat_Costa_Blanca
Journey593,Active,1039,6,CostaBlanca,Car,7,July,HolidayFlat,HFlat_Costa_Blanca
Journey594,Active,678,4,CostaBlanca,Car,14,September,HolidayFlat,HFlat_Costa_Blanca
Journey595,Bathing,1039,8,CostaBlanca,Car,7,June,HolidayFlat,HFlat_Costa_Blanca
Journey596,Bathing,2324,12,CostaBlanca,Car,7,July,HolidayFlat,HFlat_Costa_Blanca
Journey597,Bathing,1229,2,CostaBlanca,Car,7,August,HolidayFlat,HFlat_Costa_Blanca
Journey598,Bathing,789,5,CostaBlanca,Car,7,September,HolidayFlat,HFlat_Costa_Blanca
Journey599,Bathing,649,3,CostaBlanca,Car,7,July,HolidayFlat,HFlat_Costa_Blanca
Journey600,Bathing,1259,3,CostaBlanca,Car,7,August,HolidayFlat,HFlat_Costa_Blanca
Journey601,Bathing,1038,4,CostaBlanca,Car,14,June,HolidayFlat,HFlat_Costa_Blanca
Journey602,Bathing,1798,4,CostaBlanca,Car,14,July,HolidayFlat,HFlat_Costa_Blanca
Journey603,Bathing,2038,8,CostaBlanca,Car,14,September,HolidayFlat,HFlat_Costa_Blanca
Journey604,Bathing,1998,2,CostaBrava,Car,14,June,TwoStars,Hotel_La_Huerta_Costa_Brava
Journey605,Bathing,2550,3,CostaBrava,Car,14,July,TwoStars,Hotel_La_Huerta_Costa_Brava
Journey606,Active,2696,3,CostaBrava,Car,21,August,TwoStars,Hotel_Mar_Eden_Costa_Brava
Journey607,Recreation,1558,2,CostaBrava,Car,7,September,TwoStars,Hotel_Mar_Eden_Costa_Brava
Journey608,Bathing,2518,2,CostaBrava,Car,14,June,ThreeStars,Hotel_Surf_Mar_Costa_Brava
Journey609,Bathing,6971,4,CostaBrava,Car,21,August,ThreeStars,Hotel_Surf_Mar_Costa_Brava
Journey610,Bathing,3099,3,CostaBrava,Car,14,July,ThreeStars,Hotel_Surf_Mar_Costa_Brava
Journey611,Bathing,1738,2,CostaBrava,Car,7,July,ThreeStars,Hotel_Albatros_Costa_Brava
Journey612,Active,2198,2,CostaBrava,Car,14,June,ThreeStars,Hotel_Albatros_Costa_Brava
Journey613,Recreation,2360,3,CostaBrava,Car,14,May,ThreeStars,Hotel_Albatros_Costa_Brava
Journey614,Bathing,2186,3,CostaBrava,Car,7,July,FourStars,Hotel_Olympic_Park_Costa_Brava
Journey615,Bathing,2418,2,CostaBrava,Car,14,June,FourStars,Hotel_Olympic_Park_Costa_Brava
Journey616,Bathing,3737,3,CostaBrava,Car,14,August,FourStars,Hotel_Olympic_Park_Costa_Brava
Journey617,Active,3048,2,CostaBrava,Car,21,September,FourStars,Golden_Hotel_Port_Salou_Costa_Brava
Journey618,Recreation,3912,4,CostaBrava,Car,14,July,FourStars,Golden_Hotel_Port_Salou_Costa_Brava
Journey619,Bathing,3528,2,Fuerteventura,Plane,14,May,ThreeStars,Hotel_Oliva_Beach_Fuerteventura
Journey620,Bathing,4402,3,Fuerteventura,Plane,14,June,ThreeStars,Hotel_Oliva_Beach_Fuerteventura
Journey621,Bathing,6357,3,Fuerteventura,Plane,21,July,ThreeStars,Hotel_Oliva_Beach_Fuerteventura
Journey622,Bathing,3417,4,Fuerteventura,Plane,14,August,ThreeStars,Appartm_Rio_Tropical_Fuerteventura
Journey623,Active,2598,2,Fuerteventura,Plane,14,September,ThreeStars,Appartm_Rio_Tropical_Fuerteventura
Journey624,Active,2252,3,Fuerteventura,Plane,7,July,ThreeStars,Appartm_Rio_Tropical_Fuerteventura
Journey625,Active,3678,2,Fuerteventura,Plane,14,August,ThreeStars,Hotel_Crystal_Beach_Fuerteventura
Journey626,Recreation,3578,2,Fuerteventura,Plane,14,June,ThreeStars,Hotel_Crystal_Beach_Fuerteventura
Journey627,Bathing,7161,3,Fuerteventura,Plane,21,June,FourStars,Hotel_Rio_Ventura_Fuerteventura
Journey628,Bathing,5709,3,Fuerteventura,Plane,14,July,FourStars,Hotel_Rio_Ventura_Fuerteventura
Journey629,Bathing,6369,4,Fuerteventura,Plane,14,August,FourStars,Hotel_Rio_Ventura_Fuerteventura
Journey630,Bathing,3188,2,Fuerteventura,Plane,7,June,FourStars,Hotel_Rio_Ventura_Fuerteventura
Journey631,Active,3428,2,Fuerteventura,Plane,14,September,FourStars,Hotel_Rio_Maxarota_Fuerteventura
Journey632,Active,4602,3,Fuerteventura,Plane,14,July,FourStars,Hotel_Rio_Maxarota_Fuerteventura
Journey633,Recreation,3188,2,Fuerteventura,Plane,14,May,FourStars,Hotel_Rio_Maxarota_Fuerteventura
Journey634,Bathing,2412,3,GranCanaria,Plane,14,May,TwoStars,Studios_Puerto_Plata_Gran_Canaria
Journey635,Bathing,3125,3,GranCanaria,Plane,21,July,TwoStars,Studios_Puerto_Plata_Gran_Canaria
Journey636,Bathing,2378,2,GranCanaria,Plane,14,September,TwoStars,Studios_Brisamar_Gran_Canaria
Journey637,Active,3177,4,GranCanaria,Plane,14,August,TwoStars,Studios_Brisamar_Gran_Canaria
Journey638,Bathing,2788,2,GranCanaria,Plane,14,May,ThreeStars,Hotel_Riosol_Gran_Canaria
Journey639,Bathing,4100,3,GranCanaria,Plane,21,June,ThreeStars,Hotel_Riosol_Gran_Canaria
Journey640,Bathing,2723,3,GranCanaria,Plane,7,July,ThreeStars,Hotel_Caserio_Gran_Canaria
Journey641,Active,4261,3,GranCanaria,Plane,14,August,ThreeStars,IFA_Beach_Hotel_Gran_Canaria
Journey642,Active,3778,2,GranCanaria,Plane,21,September,ThreeStars,IFA_Beach_Hotel_Gran_Canaria
Journey643,Recreation,2508,2,GranCanaria,Plane,7,August,ThreeStars,IFA_Beach_Hotel_Gran_Canaria
Journey644,Bathing,3258,2,GranCanaria,Plane,14,June,FourStars,Hotel_Las_Margaritas_Gran_Canaria
Journey645,Bathing,4252,3,GranCanaria,Plane,14,July,FourStars,Hotel_Las_Margaritas_Gran_Canaria
Journey646,Bathing,3498,2,GranCanaria,Plane,21,September,FourStars,Hotel_Caserio_Gran_Canaria
Journey647,Active,2848,2,GranCanaria,Plane,14,May,FourStars,Hotel_Caserio_Gran_Canaria
Journey648,Active,3551,3,GranCanaria,Plane,14,August,FourStars,Hotel_Caserio_Gran_Canaria
Journey649,Bathing,2078,2,Ibiza,Plane,14,June,TwoStars,Pension_Central_Ibiza
Journey650,Bathing,2498,2,Ibiza,Plane,21,September,TwoStars,Pension_Central_Ibiza
Journey651,Bathing,2427,3,Ibiza,Plane,14,July,TwoStars,Hotel_Llevant_Ibiza
Journey652,Active,2852,4,Ibiza,Plane,14,August,TwoStars,Hotel_Llevant_Ibiza
Journey653,Active,1995,3,Ibiza,Plane,7,July,TwoStars,Hotel_Llevant_Ibiza
Journey654,Bathing,2798,2,Ibiza,Plane,14,June,ThreeStars,Hotel_Helios_II_Ibiza
Journey655,Bathing,2878,2,Ibiza,Plane,14,July,ThreeStars,Hotel_Helios_II_Ibiza
Journey656,Bathing,3258,2,Ibiza,Plane,21,May,ThreeStars,Hotel_Helios_II_Ibiza
Journey657,Bathing,2343,3,Ibiza,Plane,7,August,ThreeStars,Hotel_Atlantic_Ibiza
Journey658,Bathing,3217,3,Ibiza,Plane,14,June,ThreeStars,Hotel_Atlantic_Ibiza
Journey659,Active,4832,4,Ibiza,Plane,14,July,ThreeStars,Hotel_Atlantic_Ibiza
Journey660,Active,3558,2,Ibiza,Plane,21,September,ThreeStars,Hotel_Atlantic_Ibiza
Journey661,Bathing,4398,2,Ibiza,Plane,14,June,FourStars,Club_La_Mola_Ibiza
Journey662,Bathing,4958,2,Ibiza,Plane,14,July,FourStars,Club_La_Mola_Ibiza
Journey663,Active,2090,3,Ibiza,Plane,7,August,FourStars,Hotel_Nereida_Ibiza
Journey664,Bathing,1558,2,Mallorca,Plane,14,June,OneStar,Pension_Marina_Mallorca
Journey665,Bathing,2397,3,Mallorca,Plane,14,July,OneStar,Pension_Marina_Mallorca
Journey666,Bathing,2481,2,Mallorca,Plane,21,September,OneStar,Pension_El_Golea_Mallorca
Journey667,Bathing,1718,2,Mallorca,Plane,14,June,TwoStars,Pension_Alcina_Mallorca
Journey668,Bathing,2410,4,Mallorca,Plane,7,August,TwoStars,Pension_Alcina_Mallorca
Journey669,Recreation,1285,3,Mallorca,Plane,4,May,TwoStars,Hotel_Manaus_Mallorca
Journey670,Active,1798,2,Mallorca,Plane,14,June,TwoStars,Hotel_Vaquer_Mallorca
Journey671,Wandering,1676,3,Mallorca,Plane,7,September,TwoStars,Hotel_Vaquer_Mallorca
Journey672,Bathing,2198,2,Mallorca,Plane,14,June,ThreeStars,Hotel_Samu_Mallorca
Journey673,Bathing,3530,4,Mallorca,Plane,14,July,ThreeStars,Hotel_Samu_Mallorca
Journey674,Bathing,1607,3,Mallorca,Plane,4,August,ThreeStars,Hotel_Flamingo_Mallorca
Journey675,Bathing,3697,3,Mallorca,Plane,14,July,ThreeStars,Hotel_Sol_Lux_Mallorca
Journey676,Bathing,1858,2,Mallorca,Plane,7,August,ThreeStars,Hotel_Sol_Lux_Mallorca
Journey677,Bathing,2598,3,Mallorca,Plane,14,September,ThreeStars,Hotel_Saturno_Mallorca
Journey678,Active,3058,2,Mallorca,Plane,21,May,ThreeStars,Hotel_Saturno_Mallorca
Journey679,Bathing,1478,2,Mallorca,Plane,4,June,FourStars,Hotel_Gran_Fiesta_Mallorca
Journey680,Bathing,3644,4,Mallorca,Plane,7,July,FourStars,Anlage_Lago_Playa_Mallorca
Journey681,Bathing,3605,3,Mallorca,Plane,14,August,FourStars,Anlage_Lago_Playa_Mallorca
Journey682,Active,2678,2,Mallorca,Plane,14,June,FourStars,Lagotel-Club_Mallorca
Journey683,Active,1898,2,Mallorca,Plane,7,September,FourStars,Lagotel-Club_Mallorca
Journey684,Bathing,3417,3,Teneriffe,Plane,14,June,TwoStars,Studios_Mare_Verde_Teneriffe
Journey685,Bathing,2698,2,Teneriffe,Plane,21,September,TwoStars,Studios_Mare_Verde_Teneriffe
Journey686,Bathing,3837,3,Teneriffe,Plane,14,July,ThreeStars,Appartm_Parque_Royal_Teneriffe
Journey687,Bathing,3507,4,Teneriffe,Plane,14,August,ThreeStars,Appartm_Parque_Royal_Teneriffe
Journey688,Bathing,2278,2,Teneriffe,Plane,14,June,ThreeStars,Appartm_Parque_Royal_Teneriffe
Journey689,Bathing,3194,3,Teneriffe,Plane,14,August,ThreeStars,Hotel_Las_Pyramides_Teneriffe
Journey690,Bathing,2858,2,Teneriffe,Plane,14,July,ThreeStars,Hotel_Las_Pyramides_Teneriffe
Journey691,Bathing,2068,2,Teneriffe,Plane,7,May,ThreeStars,Hotel_Las_Pyramides_Teneriffe
Journey692,Active,3278,2,Teneriffe,Plane,21,June,ThreeStars,Hotel_Internacional_Teneriffe
Journey693,Recreation,2178,2,Teneriffe,Plane,7,October,ThreeStars,Hotel_Internacional_Teneriffe
Journey694,Bathing,4011,3,Teneriffe,Plane,14,August,FourStars,Hotel_Sol_Teneriffe
Journey695,Bathing,4287,3,Teneriffe,Plane,14,July,FourStars,Hotel_Sol_Teneriffe
Journey696,Bathing,2488,2,Teneriffe,Plane,7,June,FourStars,Hotel_Sol_Teneriffe
Journey697,Active,5532,4,Teneriffe,Plane,14,August,FourStars,Hotel_Florida_Teneriffe
Journey698,Active,4810,3,Teneriffe,Plane,21,May,FourStars,Hotel_Florida_Teneriffe
Journey699,Wandering,758,2,GiantMountains,Car,7,May,TwoStars,Hotel_Bedrichov_Giant_Mountains
Journey700,Wandering,858,2,GiantMountains,Car,7,June,TwoStars,Hotel_Bedrichov_Giant_Mountains
Journey701,Wandering,1118,4,GiantMountains,Car,7,July,TwoStars,Hotel_Energetik_Giant_Mountains
Journey702,Wandering,1698,3,GiantMountains,Car,14,August,TwoStars,Hotel_Energetik_Giant_Mountains
Journey703,Wandering,1138,2,GiantMountains,Car,14,September,TwoStars,Hotel_Karolina_Giant_Mountains
Journey704,Recreation,798,2,GiantMountains,Car,7,August,TwoStars,Hotel_Karolina_Giant_Mountains
Journey705,Recreation,678,3,GiantMountains,Car,7,July,TwoStars,Waldhotel_Trakce_Giant_Mountains
Journey706,Recreation,938,2,GiantMountains,Car,7,June,ThreeStars,Hotel_Arnika_Giant_Mountains
Journey707,Recreation,1498,2,GiantMountains,Car,14,May,ThreeStars,Hotel_Arnika_Giant_Mountains
Journey708,Wandering,698,2,GiantMountains,Car,7,June,ThreeStars,Hotel_Horal_Giant_Mountains
Journey709,Wandering,1806,3,GiantMountains,Car,14,September,ThreeStars,Hotel_Horal_Giant_Mountains
Journey710,Wandering,807,3,GiantMountains,Coach,7,May,TwoStars,Hotel_Bedrichov_Giant_Mountains
Journey711,Recreation,2274,4,GiantMountains,Coach,14,June,TwoStars,Hotel_Bedrichov_Giant_Mountains
Journey712,Recreation,1185,3,GiantMountains,Train,7,August,ThreeStars,Hotel_Horal_Giant_Mountains
Journey713,Wandering,698,2,GiantMountains,Train,7,September,ThreeStars,Hotel_Horal_Giant_Mountains
Journey714,Bathing,2178,2,TurkishAegeanSea,Plane,14,June,TwoStars,Hotel_Villa_Soel_Turk_Aegean_Sea
Journey715,Bathing,2483,3,TurkishAegeanSea,Plane,14,July,TwoStars,Hotel_Villa_Soel_Turk_Aegean_Sea
Journey716,Bathing,4770,4,TurkishAegeanSea,Plane,21,August,ThreeStars,Hotel_Alinda_Turk_Aegean_Sea
Journey717,Active,2578,2,TurkishAegeanSea,Plane,14,September,ThreeStars,Hotel_Alinda_Turk_Aegean_Sea
Journey718,Active,3065,3,TurkishAegeanSea,Plane,7,July,ThreeStars,Hotel_Turunc_Turk_Aegean_Sea
Journey719,Bathing,2758,2,TurkishAegeanSea,Plane,14,August,ThreeStars,Hotel_Turunc_Turk_Aegean_Sea
Journey720,Education,2878,2,TurkishAegeanSea,Plane,14,May,FourStars,Hotel_Marti_Turk_Aegean_Sea
Journey721,Bathing,1958,2,TurkishAegeanSea,Plane,14,June,TwoStars,Hotel_Talat_Turk_Aegean_Sea
Journey722,Bathing,3171,3,TurkishAegeanSea,Plane,14,July,ThreeStars,Club_Pigale_Turk_Aegean_Sea
Journey723,Bathing,2412,3,TurkishAegeanSea,Plane,7,August,ThreeStars,Club_Pigale_Turk_Aegean_Sea
Journey724,Bathing,2878,2,TurkishAegeanSea,Plane,14,September,ThreeStars,Hotel_Batihan_Turk_Aegean_Sea
Journey725,Education,3278,2,TurkishAegeanSea,Plane,21,May,ThreeStars,Hotel_Batihan_Turk_Aegean_Sea
Journey726,Bathing,4313,4,TurkishAegeanSea,Plane,14,August,FourStars,Hotel_Biltur_Turk_Aegean_Sea
Journey727,Bathing,3010,3,TurkishAegeanSea,Plane,7,July,FourStars,Hotel_Biltur_Turk_Aegean_Sea
Journey728,Active,2918,2,TurkishAegeanSea,Plane,14,June,FourStars,Club_Ephesus_Princess_Turk_Aegean_Sea
Journey729,Bathing,2298,2,TurkishRiviera,Plane,14,June,TwoStars,Hotel_Alaiye_Turk_Riviera
Journey730,Bathing,2941,3,TurkishRiviera,Plane,14,July,TwoStars,Hotel_Alaiye_Turk_Riviera
Journey731,Active,3160,3,TurkishRiviera,Plane,21,September,TwoStars,Hotel_Alaiye_Turk_Riviera
Journey732,Bathing,4107,4,TurkishRiviera,Plane,14,August,ThreeStars,Hotel_Panorama_Turk_Riviera
Journey733,Bathing,2838,2,TurkishRiviera,Plane,14,July,ThreeStars,Hotel_Panorama_Turk_Riviera
Journey734,Bathing,2738,2,TurkishRiviera,Plane,14,June,ThreeStars,Hotel_Panorama_Turk_Riviera
Journey735,Bathing,2258,2,TurkishRiviera,Plane,7,August,ThreeStars,Hotel_Akropol_Turk_Riviera
Journey736,Bathing,3891,3,TurkishRiviera,Plane,21,June,ThreeStars,Hotel_Akropol_Turk_Riviera
Journey737,Active,3058,2,TurkishRiviera,Plane,14,September,ThreeStars,Hotel_Sueral_Garden_Turk_Riviera
Journey738,Education,2698,2,TurkishRiviera,Plane,14,May,ThreeStars,Hotel_Sueral_Garden_Turk_Riviera
Journey739,Bathing,3258,2,TurkishRiviera,Plane,14,June,FourStars,Hotel_Botanik_Turk_Riviera
Journey740,Bathing,3325,3,TurkishRiviera,Plane,7,July,FourStars,Hotel_Botanik_Turk_Riviera
Journey741,Bathing,3258,3,TurkishRiviera,Plane,14,September,FourStars,Hotel_Botanik_Turk_Riviera
Journey742,Active,2898,2,TurkishRiviera,Plane,14,May,FourStars,Hotel_Sueral_Turk_Riviera
Journey743,Education,2498,2,TurkishRiviera,Plane,14,October,FourStars,Hotel_Sueral_Turk_Riviera
Journey744,Bathing,2778,3,Tunisia,Plane,14,July,TwoStars,Hotel_Solymar_Tunisia
Journey745,Bathing,1778,2,Tunisia,Plane,14,June,TwoStars,Hotel_Solymar_Tunisia
Journey746,Recreation,2058,2,Tunisia,Plane,14,May,TwoStars,Hotel-Club_Ramses_Tunisia
Journey747,Active,2637,3,Tunisia,Plane,14,September,TwoStars,Hotel-Club_Ramses_Tunisia
Journey748,Bathing,4114,3,Tunisia,Plane,14,June,ThreeStars,Hotel_Montazah_Tunisia
Journey749,Bathing,3464,4,Tunisia,Plane,7,July,ThreeStars,Hotel_Montazah_Tunisia
Journey750,Bathing,3203,3,Tunisia,Plane,14,August,ThreeStars,Hotel-Club_Nador_Tunisia
Journey751,Recreation,2768,2,Tunisia,Plane,21,June,ThreeStars,Hotel-Club_Nador_Tunisia
Journey752,Recreation,2258,2,Tunisia,Plane,14,May,ThreeStars,Hotel_Aqua_Viva_Tunisia
Journey753,Active,2964,3,Tunisia,Plane,14,September,ThreeStars,Hotel_Aqua_Viva_Tunisia
Journey754,Bathing,2808,2,Tunisia,Plane,14,June,FourStars,Hotel_Paradise_Tunisia
Journey755,Bathing,4773,4,Tunisia,Plane,14,July,FourStars,Hotel_Paradise_Tunisia
Journey756,Recreation,1888,2,Tunisia,Plane,14,May,FourStars,Hotel_Royal_Golf_Tunisia
Journey757,Bathing,2228,2,Tunisia,Plane,7,June,FourStars,Hotel_Royal_Golf_Tunisia
Journey758,Active,2898,2,Tunisia,Plane,14,August,FourStars,Hotel_Jockey_Club_Tunisia
Journey759,Active,2879,3,Tunisia,Plane,14,September,FourStars,Hotel_Jockey_Club_Tunisia
Journey760,Bathing,3537,4,Balaton,Car,14,July,ThreeStars,Hotel_Marina_Balaton
Journey761,Bathing,2447,3,Balaton,Car,21,August,ThreeStars,Hotel_Marina_Balaton
Journey762,Bathing,2758,3,Balaton,Car,14,July,FourStars,Hotel_Helikon_Balaton
Journey763,Recreation,2758,2,Balaton,Car,14,June,FourStars,Hotel_Helikon_Balaton
Journey764,Bathing,879,9,Balaton,Car,7,June,HolidayFlat,HFlat_Balaton
Journey765,Bathing,759,5,Balaton,Car,7,July,HolidayFlat,HFlat_Balaton
Journey766,Bathing,798,2,Balaton,Car,14,August,HolidayFlat,HFlat_Balaton
Journey767,Recreation,658,3,Balaton,Car,14,May,HolidayFlat,HFlat_Balaton
Journey768,Recreation,279,2,Balaton,Car,7,June,HolidayFlat,HFlat_Balaton
Journey769,Active,1498,7,Balaton,Car,14,September,HolidayFlat,HFlat_Balaton
Journey770,Recreation,434,2,Belgium,Car,7,November,HolidayFlat,Ferienpark_Atlantis_Belgium
Journey771,Recreation,434,3,Belgium,Car,7,December,HolidayFlat,Ferienpark_Atlantis_Belgium
Journey772,Recreation,739,4,Belgium,Car,14,February,HolidayFlat,Ferienpark_Atlantis_Belgium
Journey773,Active,434,2,Belgium,Car,7,November,HolidayFlat,Ferienpark_Atlantis_Belgium
Journey774,Active,1068,4,Belgium,Car,14,March,HolidayFlat,Ferienpark_Atlantis_Belgium
Journey775,Recreation,314,2,Belgium,Car,3,November,HolidayFlat,Ferienpark_Atlantis_Belgium
Journey776,Active,394,6,Belgium,Car,4,January,HolidayFlat,Ferienpark_Atlantis_Belgium
Journey777,Recreation,649,4,Belgium,Car,7,November,HolidayFlat,SunParks_De_HaanBelgium
Journey778,Active,879,8,Belgium,Car,7,December,HolidayFlat,SunParks_De_HaanBelgium
Journey779,Recreation,719,6,Belgium,Car,7,January,HolidayFlat,SunParks_De_HaanBelgium
Journey780,Active,369,4,Belgium,Car,4,December,HolidayFlat,SunParks_De_HaanBelgium
Journey781,Recreation,849,3,Belgium,Car,7,February,HolidayFlat,SunParks_Groendyk_Belgium
Journey782,Active,649,6,Belgium,Car,7,November,HolidayFlat,SunParks_Groendyk_Belgium
Journey783,Recreation,339,5,Belgium,Car,4,February,HolidayFlat,SunParks_Groendyk_Belgium
Journey784,Recreation,1338,4,Belgium,Car,14,January,HolidayFlat,SunParks_Rauwse_Meren_Belgium
Journey785,Active,959,5,Belgium,Car,7,February,HolidayFlat,SunParks_Rauwse_Meren_Belgium
Journey786,Active,499,4,Belgium,Car,3,December,HolidayFlat,SunParks_Rauwse_Meren_Belgium
Journey787,Recreation,649,4,Belgium,Car,7,March,HolidayFlat,SunParks_Vielsalm_Belgium
Journey788,Active,919,8,Belgium,Car,7,November,HolidayFlat,SunParks_Vielsalm_Belgium
Journey789,Recreation,619,6,Belgium,Car,4,March,HolidayFlat,SunParks_Vielsalm_Belgium
Journey790,Recreation,699,2,Denmark,Car,7,November,HolidayFlat,Ferienpark_Lalandia_Denmark
Journey791,Recreation,699,3,Denmark,Car,7,December,HolidayFlat,Ferienpark_Lalandia_Denmark
Journey792,Active,439,4,Denmark,Car,4,January,HolidayFlat,Ferienpark_Lalandia_Denmark
Journey793,Recreation,639,4,Denmark,Car,7,February,HolidayFlat,Feriencenter_Rodhus_Klit_Denmark
Journey794,Active,639,5,Denmark,Car,7,March,HolidayFlat,Feriencenter_Rodhus_Klit_Denmark
Journey795,Active,1278,4,Denmark,Car,14,November,HolidayFlat,Feriencenter_Rodhus_Klit_Denmark
Journey796,Recreation,629,4,Denmark,Car,7,February,HolidayFlat,Feriencenter_Vigso_Denmark
Journey797,Active,629,6,Denmark,Car,7,January,HolidayFlat,Feriencenter_Vigso_Denmark
Journey798,Recreation,509,4,Denmark,Car,7,March,HolidayFlat,Feriencenter_Danland_Denmark
Journey799,Active,889,8,Denmark,Car,7,February,HolidayFlat,Feriencenter_Danland_Denmark
Journey800,Recreation,579,2,Denmark,Car,7,January,HolidayFlat,HFlat_Ronbjerg_Strand_Denmark
Journey801,Recreation,719,4,Denmark,Car,7,February,HolidayFlat,HFlat_Ronbjerg_Strand_Denmark
Journey802,Active,1638,6,Denmark,Car,14,March,HolidayFlat,HFlat_Ronbjerg_Strand_Denmark
Journey803,Recreation,849,4,Fano,Car,7,January,HolidayFlat,Ferienpark_Fano_Denmark
Journey804,Active,1089,6,Fano,Car,7,March,HolidayFlat,Ferienpark_Fano_Denmark
Journey805,Recreation,499,3,Holland,Car,7,November,HolidayFlat,Ferienpark_Port_Greve_Holland
Journey806,Recreation,529,4,Holland,Car,7,December,HolidayFlat,Ferienpark_Port_Greve_Holland
Journey807,Active,609,6,Holland,Car,7,February,HolidayFlat,Ferienpark_Port_Greve_Holland
Journey808,Recreation,354,4,Holland,Car,3,January,HolidayFlat,Ferienpark_Port_Greve_Holland
Journey809,Active,339,2,Holland,Car,4,November,HolidayFlat,Ferienpark_Port_Greve_Holland
Journey810,Active,538,2,Poland,Car,7,January,ThreeStars,Hotel_Maurizius_Poland
Journey811,Skiing,822,3,Poland,Car,7,February,ThreeStars,Hotel_Maurizius_Poland
Journey812,Recreation,1076,4,Poland,Car,7,February,ThreeStars,Hotel_Maurizius_Poland
Journey813,Active,1602,3,Poland,Car,14,January,TwoStars,Hotel_Anna_Maria_Poland
Journey814,Skiing,558,2,Poland,Car,7,February,TwoStars,Hotel_Anna_Maria_Poland
Journey815,Recreation,807,4,Poland,Car,7,March,TwoStars,Hotel_Anna_Maria_Poland
Journey816,Active,898,2,Poland,Car,14,January,TwoStars,Hotel_Karolinka_Poland
Journey817,Skiing,478,2,Poland,Car,7,February,TwoStars,Hotel_Karolinka_Poland
Journey818,Recreation,687,3,Poland,Car,7,March,TwoStars,Hotel_Karolinka_Poland
Journey819,Active,319,2,Poland,Car,7,January,TwoStars,Hotel_Ametyst_Poland
Journey820,Skiing,1962,4,Poland,Car,14,February,TwoStars,Hotel_Ametyst_Poland
Journey821,Recreation,329,2,Poland,Car,7,February,TwoStars,Hotel_Ametyst_Poland
Journey822,Active,987,3,Poland,Car,7,February,TwoStars,Hotel_Piecuch_Poland
Journey823,Skiing,638,2,Poland,Car,7,March,TwoStars,Hotel_Piecuch_Poland
Journey824,Recreation,1276,4,Poland,Car,7,January,TwoStars,Hotel_Piecuch_Poland
Journey825,Active,858,2,Slowakei,Car,7,January,TwoStars,Hotel_Banik_High_Tatra
Journey826,Skiing,1647,3,Slowakei,Car,7,February,TwoStars,Hotel_Banik_High_Tatra
Journey827,Active,1028,2,Slowakei,Car,14,February,ThreeStars,Hotel_Fis_High_Tatra
Journey828,Skiing,1098,2,Slowakei,Car,7,March,ThreeStars,Hotel_Fis_High_Tatra
Journey829,Skiing,1572,3,Slowakei,Car,7,January,ThreeStars,Hotel_Patria_High_Tatra
Journey830,Recreation,1738,2,Slowakei,Car,7,February,ThreeStars,Hotel_Patria_High_Tatra
Journey831,Active,3777,3,Slowakei,Car,14,February,ThreeStars,Hotel_Panorama_High_Tatra
Journey832,Skiing,1048,2,Slowakei,Car,7,March,ThreeStars,Hotel_Panorama_High_Tatra
Journey833,Skiing,598,2,Slowakei,Car,7,January,ThreeStars,Hotel_Hutnik_High_Tatra
Journey834,Active,1816,4,Slowakei,Car,7,February,ThreeStars,Hotel_Hutnik_High_Tatra
Journey835,Active,2097,3,Slowakei,Car,7,February,ThreeStars,Hotel_Slovakia_High_Tatra
Journey836,Recreation,1198,2,Slowakei,Car,7,March,ThreeStars,Hotel_Slovakia_High_Tatra
Journey837,Skiing,1257,3,Slowakei,Car,14,March,TwoStars,Hotel_Vesel_High_Tatra
Journey838,Recreation,2036,4,Slowakei,Car,7,February,TwoStars,Hotel_Vesel_High_Tatra
Journey839,Active,2334,6,Slowakei,Car,14,February,TwoStars,Hotel_Zornicka_High_Tatra
Journey840,Skiing,1795,5,Slowakei,Car,7,January,TwoStars,Hotel_Zornicka_High_Tatra
Journey841,Active,748,2,Slowakei,Car,7,January,TwoStars,Hotel_Sverma_High_Tatra
Journey842,Skiing,1497,3,Slowakei,Car,7,February,TwoStars,Hotel_Sverma_High_Tatra
Journey843,Skiing,1272,3,Slowakei,Car,7,February,OneStar,Pension_Bjoernson_High_Tatra
Journey844,Skiing,888,2,Slowakei,Car,7,March,OneStar,Pension_Bjoernson_High_Tatra
Journey845,Skiing,1152,4,Czechia,Car,7,January,ThreeStars,Hotel_Horal_Giant_Mountains
Journey846,Skiing,1414,3,Czechia,Car,7,February,ThreeStars,Hotel_Horal_Giant_Mountains
Journey847,Active,798,2,Czechia,Car,14,March,ThreeStars,Hotel_Horal_Giant_Mountains
Journey848,Skiing,698,2,Czechia,Car,7,January,ThreeStars,Hotel_Montana_Giant_Mountains
Journey849,Active,1372,3,Czechia,Car,7,February,ThreeStars,Hotel_Montana_Giant_Mountains
Journey850,Skiing,1737,3,Czechia,Car,7,February,ThreeStars,Hotel_Arnika_Giant_Mountains
Journey851,Skiing,998,2,Czechia,Car,7,March,ThreeStars,Hotel_Arnika_Giant_Mountains
Journey852,Recreation,1737,3,Czechia,Car,14,January,ThreeStars,Hotel_Arnika_Giant_Mountains
Journey853,Skiing,1596,4,Czechia,Car,7,February,TwoStars,Hotel_Energetik_Giant_Mountains
Journey854,Active,638,2,Czechia,Car,7,March,TwoStars,Hotel_Energetik_Giant_Mountains
Journey855,Skiing,897,3,Czechia,Car,14,February,OneStar,Hotel_Central_Giant_Mountains
Journey856,Active,458,2,Czechia,Car,7,January,OneStar,Hotel_Central_Giant_Mountains
Journey857,Skiing,698,2,Czechia,Car,7,March,TwoStars,Berghotel_Cubat_Giant_Mountains
Journey858,Skiing,1047,3,Czechia,Car,7,February,TwoStars,Berghotel_Cubat_Giant_Mountains
Journey859,Active,488,2,Czechia,Car,7,January,OneStar,Pension_Trakce_Giant_Mountains
Journey860,Recreation,1096,4,Czechia,Car,7,February,OneStar,Pension_Trakce_Giant_Mountains
Journey861,Skiing,458,2,Czechia,Car,7,March,OneStar,Pension_Protez_Giant_Mountains
Journey862,Recreation,1180,3,Czechia,Car,14,February,OneStar,Pension_Protez_Giant_Mountains
Journey863,Active,892,4,Czechia,Car,7,January,OneStar,Hotel_Sirena_Giant_Mountains
Journey864,Skiing,718,2,Czechia,Car,7,February,OneStar,Hotel_Sirena_Giant_Mountains
Journey865,Skiing,974,5,Czechia,Car,7,March,HolidayFlat,HFlat_Giant_Mountains
Journey866,Skiing,974,3,Czechia,Car,7,February,HolidayFlat,HFlat_Giant_Mountains
Journey867,Skiing,1108,4,Czechia,Car,14,January,HolidayFlat,HFlat_Adlergebirge
Journey868,Active,579,6,Czechia,Car,7,March,HolidayFlat,HFlat_Bohemian_Forest
Journey869,Active,664,4,Czechia,Car,7,February,HolidayFlat,HFlat_Bohemian_Forest
Journey870,Active,4332,4,Allgaeu,Car,7,December,FiveStars,Hofgut_Kuernach_Allgaeu
Journey871,Skiing,1868,2,Allgaeu,Car,7,January,FiveStars,Hofgut_Kuernach_Allgaeu
Journey872,Recreation,2428,3,Allgaeu,Car,7,February,FiveStars,Hofgut_Kuernach_Allgaeu
Journey873,Active,1822,3,Allgaeu,Car,14,March,ThreeStars,Hotel_Alpenblick_Allgaeu
Journey874,Skiing,1458,2,Allgaeu,Car,7,February,ThreeStars,Hotel_Alpenblick_Allgaeu
Journey875,Skiing,1822,3,Allgaeu,Car,7,January,ThreeStars,Hotel_Alpenblick_Allgaeu
Journey876,Active,2248,2,Allgaeu,Car,7,December,FiveStars,Alpenhotel_Allgaeu
Journey877,Skiing,2447,3,Allgaeu,Car,7,January,FiveStars,Alpenhotel_Allgaeu
Journey878,Recreation,2937,4,Allgaeu,Car,7,February,FiveStars,Alpenhotel_Allgaeu
Journey879,Active,1058,3,Allgaeu,Car,14,March,TwoStars,Gaestehaus_Meier_Allgaeu
Journey880,Skiing,1587,4,Allgaeu,Car,7,February,TwoStars,Gaestehaus_Meier_Allgaeu
Journey881,Recreation,688,2,Allgaeu,Car,7,January,TwoStars,Gaestehaus_Meier_Allgaeu
Journey882,Skiing,530,4,Allgaeu,Car,7,December,HolidayFlat,HFlat_Nadenberg_Allgaeu
Journey883,Active,645,8,Allgaeu,Car,7,January,HolidayFlat,HFlat_Nadenberg_Allgaeu
Journey884,Skiing,745,6,Allgaeu,Car,7,February,HolidayFlat,HFlat_Nadenberg_Allgaeu
Journey885,Skiing,1188,2,Allgaeu,Car,14,March,HolidayFlat,HFlat_Oberallgaeu
Journey886,Recreation,879,4,Allgaeu,Car,7,February,HolidayFlat,HFlat_Oberallgaeu
Journey887,Active,624,3,Allgaeu,Car,7,January,HolidayFlat,HFlat_Oberallgaeu
Journey888,Skiing,459,3,Allgaeu,Car,8,December,HolidayFlat,HFlat_Alpina_Allgaeu
Journey889,Skiing,424,4,Allgaeu,Car,7,January,HolidayFlat,HFlat_Alpina_Allgaeu
Journey890,Recreation,1568,4,Allgaeu,Car,14,February,HolidayFlat,HFlat_Alpina_Allgaeu
Journey891,Skiing,854,4,Allgaeu,Car,7,March,HolidayFlat,HFlat_Reichenbach_Allgaeu
Journey892,Active,984,6,Allgaeu,Car,7,February,HolidayFlat,HFlat_Reichenbach_Allgaeu
Journey893,Recreation,439,2,Allgaeu,Car,7,January,HolidayFlat,HFlat_Sonnenhalde_Allgaeu
Journey894,Recreation,799,3,Allgaeu,Car,10,December,HolidayFlat,HFlat_Sonnenhalde_Allgaeu
Journey895,Active,998,3,Bavaria,Car,7,December,ThreeStars,Sporthotel_Rosenberger_Bavaria
Journey896,Skiing,798,2,Bavaria,Car,7,January,ThreeStars,Sporthotel_Rosenberger_Bavaria
Journey897,Skiing,998,3,Bavaria,Car,7,February,ThreeStars,Sporthotel_Rosenberger_Bavaria
Journey898,Active,1348,2,Bavaria,Car,7,December,FourStars,HFlat_Eichenbuehl_Allgaeu
Journey899,Skiing,1147,3,Bavaria,Car,7,January,FourStars,HFlat_Eichenbuehl_Allgaeu
Journey900,Recreation,3188,2,Bavaria,Car,14,February,ThreeStars,Hotel_Bavaria_Bavaria
Journey901,Active,3448,2,Bavaria,Car,10,December,ThreeStars,Hotel_Bavaria_Bavaria
Journey902,Active,1658,2,Bavaria,Car,7,January,FourStars,Residenz_Ludwig_Bavaria
Journey903,Skiing,2072,3,Bavaria,Car,7,February,FourStars,Residenz_Ludwig_Bavaria
Journey904,Active,2985,3,Bavaria,Car,14,February,FourStars,Hotel_Seidlpark_Bavaria
Journey905,Skiing,1658,2,Bavaria,Car,7,March,FourStars,Hotel_Seidlpark_Bavaria
Journey906,Active,745,3,Bavaria,Car,7,January,TwoStars,Pension_Laerchenhof_Bavaria
Journey907,Recreation,949,4,Bavaria,Car,7,February,TwoStars,Pension_Laerchenhof_Bavaria
Journey908,Active,684,2,Bavaria,Car,7,January,HolidayFlat,HFlat_Chiemgau_Bavaria
Journey909,Skiing,1164,5,Bavaria,Car,14,February,HolidayFlat,HFlat_Chiemgau_Bavaria
Journey910,Active,529,4,Bavaria,Car,7,December,HolidayFlat,HFlat_Reiterhof_Bavaria
Journey911,Recreation,484,2,Bavaria,Car,7,February,HolidayFlat,HFlat_Reiterhof_Bavaria
Journey912,Skiing,449,2,Bavaria,Car,7,January,HolidayFlat,HFlat_Wildgatter_Bavaria
Journey913,Skiing,774,6,Bavaria,Car,7,February,HolidayFlat,HFlat_Wildgatter_Bavaria
Journey914,Active,379,2,Bavaria,Car,7,January,HolidayFlat,HFlat_Am_Hochwald_Bavaria
Journey915,Recreation,459,3,Bavaria,Car,14,February,HolidayFlat,HFlat_Am_Hochwald_Bavaria
Journey916,Active,454,3,Bavaria,Car,7,January,HolidayFlat,HFlat_Christopherhof_Bavaria
Journey917,Skiing,774,8,Bavaria,Car,7,March,HolidayFlat,HFlat_Christopherhof_Bavaria
Journey918,Recreation,699,6,Bavaria,Car,7,January,HolidayFlat,HFlat_Jaegerwiesen_Bavaria
Journey919,Active,1018,3,Bavaria,Car,14,February,HolidayFlat,HFlat_Jaegerwiesen_Bavaria
Journey920,Recreation,1338,2,ErzGebirge,Car,7,December,ThreeStars,Hotel_Lugsteinhof_Erz_Gebirge
Journey921,Skiing,1472,3,ErzGebirge,Car,7,January,ThreeStars,Hotel_Lugsteinhof_Erz_Gebirge
Journey922,Recreation,1257,4,ErzGebirge,Car,7,February,ThreeStars,Hotel_Am_Fichtelberg_Erz_Gebirge
Journey923,Skiing,1178,2,ErzGebirge,Car,7,March,ThreeStars,Hotel_Am_Fichtelberg_Erz_Gebirge
Journey924,Active,1257,4,ErzGebirge,Car,7,February,ThreeStars,Sporthotel_Oberwiesenthal_Erz_Gebirge
Journey925,Skiing,1338,2,ErzGebirge,Car,7,December,ThreeStars,Sporthotel_Oberwiesenthal_Erz_Gebirge
Journey926,Recreation,1235,3,ErzGebirge,Car,7,January,ThreeStars,Rathaushotel_Erz_Gebirge
Journey927,Active,1482,4,ErzGebirge,Car,7,February,ThreeStars,Rathaushotel_Erz_Gebirge
Journey928,Recreation,838,2,ErzGebirge,Car,14,March,ThreeStars,Hotel_Stephanshoehe_Erz_Gebirge
Journey929,Recreation,1472,3,ErzGebirge,Car,7,February,ThreeStars,Hotel_Stephanshoehe_Erz_Gebirge
Journey930,Skiing,604,2,ErzGebirge,Car,14,December,ThreeStars,Hotel_Vogtland_Erz_Gebirge
Journey931,Recreation,1782,4,ErzGebirge,Car,7,January,ThreeStars,Hotel_Vogtland_Erz_Gebirge
Journey932,Active,2935,3,ErzGebirge,Car,14,January,ThreeStars,Kurhotel_Am_See_Erz_Gebirge
Journey933,Recreation,838,2,ErzGebirge,Car,7,March,ThreeStars,Kurhotel_Am_See_Erz_Gebirge
Journey934,Recreation,1257,4,ErzGebirge,Car,7,February,ThreeStars,Kurhotel_Am_See_Erz_Gebirge
Journey935,Recreation,559,6,ErzGebirge,Car,7,December,HolidayFlat,HFlat_Haus_Vogtland_Erz_Gebirge
Journey936,Recreation,549,7,ErzGebirge,Car,7,January,HolidayFlat,HFlat_Haus_Vogtland_Erz_Gebirge
Journey937,Active,1098,5,ErzGebirge,Car,14,March,HolidayFlat,HFlat_Haus_Vogtland_Erz_Gebirge
Journey938,Active,549,6,ErzGebirge,Car,7,February,HolidayFlat,HFlat_Haus_Vogtland_Erz_Gebirge
Journey939,Skiing,549,4,ErzGebirge,Car,7,February,HolidayFlat,HFlat_Haus_Vogtland_Erz_Gebirge
Journey940,Recreation,2128,2,Harz,Car,7,December,ThreeStars,Aparthotel_Bocksberg_Harz
Journey941,Recreation,1910,3,Harz,Car,7,January,ThreeStars,Aparthotel_Bocksberg_Harz
Journey942,Wandering,1648,2,Harz,Car,7,February,ThreeStars,Aparthotel_Bocksberg_Harz
Journey943,Skiing,2007,4,Harz,Car,7,March,ThreeStars,Aparthotel_Bocksberg_Harz
Journey944,Recreation,2368,2,Harz,Car,10,December,ThreeStars,Travelhotel_Waldfrieden_Harz
Journey945,Recreation,1485,3,Harz,Car,7,January,ThreeStars,Travelhotel_Waldfrieden_Harz
Journey946,Wandering,1298,2,Harz,Car,7,February,ThreeStars,Travelhotel_Waldfrieden_Harz
Journey947,Active,1782,4,Harz,Car,7,March,ThreeStars,Travelhotel_Waldfrieden_Harz
Journey948,Recreation,2007,4,Harz,Car,7,December,TwoStars,Hotel_Harzquell_Harz
Journey949,Wandering,1168,2,Harz,Car,14,January,TwoStars,Hotel_Harzquell_Harz
Journey950,Skiing,1460,3,Harz,Car,7,February,TwoStars,Hotel_Harzquell_Harz
Journey951,Recreation,1522,3,Harz,Car,7,December,TwoStars,Hotel_Fuerstenhoeh_Harz
Journey952,Recreation,1482,4,Harz,Car,7,January,TwoStars,Hotel_Fuerstenhoeh_Harz
Journey953,Skiing,1235,3,Harz,Car,7,February,TwoStars,Hotel_Fuerstenhoeh_Harz
Journey954,Wandering,599,3,Harz,Car,14,November,HolidayFlat,HFlat_Panoramic_Harz
Journey955,Recreation,679,5,Harz,Car,7,January,HolidayFlat,HFlat_Panoramic_Harz
Journey956,Recreation,419,2,Harz,Car,7,February,HolidayFlat,HFlat_Ferienpark_Harz
Journey957,Wandering,1114,4,Harz,Car,10,December,HolidayFlat,HFlat_Ferienpark_Harz
Journey958,Skiing,324,3,Harz,Car,7,December,HolidayFlat,HFlat_Teichtal_Harz
Journey959,Skiing,499,6,Harz,Car,7,February,HolidayFlat,HFlat_Teichtal_Harz
Journey960,Wandering,1227,4,BlackForest,Car,7,December,TwoStars,Hotel_Hirschen_Black_Forest
Journey961,Active,748,2,BlackForest,Car,7,January,TwoStars,Hotel_Hirschen_Black_Forest
Journey962,Skiing,1735,3,BlackForest,Car,7,February,FourStars,Treff-Hotel_Black_Forest
Journey963,Wandering,2768,2,BlackForest,Car,14,March,FourStars,Treff-Hotel_Black_Forest
Journey964,Recreation,1737,4,BlackForest,Car,7,February,ThreeStars,Berghotel_Kandel_Black_Forest
Journey965,Wandering,818,2,BlackForest,Car,7,January,ThreeStars,Berghotel_Kandel_Black_Forest
Journey966,Recreation,2322,3,BlackForest,Car,10,December,ThreeStars,Berghotel_Mummelsee_Black_Forest
Journey967,Skiing,1158,2,BlackForest,Car,7,February,ThreeStars,Berghotel_Mummelsee_Black_Forest
Journey968,Active,1008,2,BlackForest,Car,7,January,ThreeStars,Hotel_Waldwinkel_Black_Forest
Journey969,Recreation,1260,3,BlackForest,Car,14,February,ThreeStars,Hotel_Waldwinkel_Black_Forest
Journey970,Wandering,1257,4,BlackForest,Car,7,March,TwoStars,Gasthof_Hochkopfhaus_Black_Forest
Journey971,Skiing,838,2,BlackForest,Car,7,February,TwoStars,Gasthof_Hochkopfhaus_Black_Forest
Journey972,Recreation,897,3,BlackForest,Car,7,January,TwoStars,Landgasthof_Schuetzen_Black_Forest
Journey973,Wandering,688,2,BlackForest,Car,6,December,TwoStars,Landgasthof_Schuetzen_Black_Forest
Journey974,Active,454,4,BlackForest,Car,7,January,HolidayFlat,HFlat_Ferienpark_Black_Forest
Journey975,Active,514,6,BlackForest,Car,7,February,HolidayFlat,HFlat_Ferienpark_Black_Forest
Journey976,Recreation,459,2,BlackForest,Car,7,March,HolidayFlat,HFlat_Schwarzwaldgrund
Journey977,Recreation,1068,4,BlackForest,Car,14,February,HolidayFlat,HFlat_Schwarzwaldgrund
Journey978,Skiing,549,6,BlackForest,Car,7,January,HolidayFlat,HFlat_Sonnenrain_Black_Forest
Journey979,Recreation,679,2,BlackForest,Car,7,December,HolidayFlat,HFlat_Schwarzwaldblick
Journey980,Recreation,599,4,BlackForest,Car,7,January,HolidayFlat,HFlat_Schwarzwaldblick
Journey981,Skiing,464,3,BlackForest,Car,7,February,HolidayFlat,HFlat_Schwiezer_Hof_Black_Forest
Journey982,Wandering,1033,5,BlackForest,Car,14,March,HolidayFlat,HFlat_Schwiezer_Hof_Black_Forest
Journey983,Recreation,989,4,BlackForest,Car,7,February,HolidayFlat,HFlat_Panorama-Blick_Black_Forest
Journey984,Wandering,839,6,BlackForest,Car,7,January,HolidayFlat,HFlat_Panorama-Blick_Black_Forest
Journey985,Wandering,1672,3,Thuringia,Car,7,December,ThreeStars,Berghotel_Friedrichroda_Thuringia
Journey986,Recreation,1178,2,Thuringia,Car,7,January,ThreeStars,Berghotel_Friedrichroda_Thuringia
Journey987,Active,4092,4,Thuringia,Car,14,February,ThreeStars,Hotel_Finsterbergen_Thuringia
Journey988,Wandering,1368,2,Thuringia,Car,7,March,ThreeStars,Hotel_Finsterbergen_Thuringia
Journey989,Wandering,1104,3,Thuringia,Car,7,February,TwoStars,Hotel_Schoene_Aussicht_Thuringia
Journey990,Skiing,883,2,Thuringia,Car,7,January,TwoStars,Hotel_Schoene_Aussicht_Thuringia
Journey991,Recreation,688,2,Thuringia,Car,7,December,ThreeStars,Berghotel_Oberhof_Thuringia
Journey992,Wandering,1773,3,Thuringia,Car,14,November,ThreeStars,Berghotel_Oberhof_Thuringia
Journey993,Wandering,1138,2,Thuringia,Car,7,January,FourStars,Hotel_Panorama_Thuringia
Journey994,Recreation,1647,3,Thuringia,Car,7,March,FourStars,Hotel_Panorama_Thuringia
Journey995,Skiing,1977,4,Thuringia,Car,7,February,FourStars,Hotel_Panorama_Thuringia
Journey996,Wandering,1294,2,Thuringia,Car,14,January,TwoStars,Hotel_Am_Schuetzenberg_Thuringia
Journey997,Recreation,785,3,Thuringia,Car,7,December,TwoStars,Hotel_Am_Schuetzenberg_Thuringia
Journey998,Active,987,4,Thuringia,Car,7,February,TwoStars,Hotel_Frankenwald_Thuringia
Journey999,Wandering,598,2,Thuringia,Car,7,March,TwoStars,Hotel_Frankenwald_Thuringia
Journey1000,Wandering,389,3,Thuringia,Car,7,February,HolidayFlat,HFlat_Schmeheim_Thuringia
Journey1001,Wandering,389,4,Thuringia,Car,7,March,HolidayFlat,HFlat_Schmeheim_Thuringia
Journey1002,Recreation,389,3,Thuringia,Car,7,January,HolidayFlat,HFlat_Schmeheim_Thuringia
Journey1003,Active,924,4,Thuringia,Car,9,December,HolidayFlat,HFlat_Schmeheim_Thuringia
Journey1004,Skiing,389,4,Thuringia,Car,7,February,HolidayFlat,HFlat_Schmeheim_Thuringia
Journey1005,Wandering,855,4,Thuringia,Car,14,March,HolidayFlat,HFlat_Ruppertus_Thuringia
Journey1006,Wandering,483,4,Thuringia,Car,7,January,HolidayFlat,HFlat_Ruppertus_Thuringia
Journey1007,Recreation,774,4,Thuringia,Car,9,December,HolidayFlat,HFlat_Ruppertus_Thuringia
Journey1008,Active,483,3,Thuringia,Car,7,January,HolidayFlat,HFlat_Ruppertus_Thuringia
Journey1009,Skiing,483,4,Thuringia,Car,7,February,HolidayFlat,HFlat_Ruppertus_Thuringia
Journey1010,Active,624,4,France,Car,7,December,HolidayFlat,HFlat_Maeva_France
Journey1011,Skiing,624,4,France,Car,7,January,HolidayFlat,HFlat_Maeva_France
Journey1012,Recreation,1624,5,France,Car,7,February,HolidayFlat,HFlat_Maeva_France
Journey1013,Active,844,4,France,Car,7,March,HolidayFlat,HFlat_Le_Cervin_France
Journey1014,Skiing,1654,5,France,Car,7,February,HolidayFlat,HFlat_Le_Cervin_France
Journey1015,Recreation,824,6,France,Car,7,January,HolidayFlat,HFlat_Le_Cervin_France
Journey1016,Active,764,4,France,Car,7,December,HolidayFlat,HFlat_Bellecote_France
Journey1017,Skiing,3368,5,France,Car,14,January,HolidayFlat,HFlat_Bellecote_France
Journey1018,Recreation,1014,4,France,Car,7,February,HolidayFlat,HFlat_Bellecote_France
Journey1019,Active,1339,4,France,Car,7,March,HolidayFlat,HFlat_Cheval_Blanc_France
Journey1020,Skiing,1094,5,France,Car,7,February,HolidayFlat,HFlat_Cheval_Blanc_France
Journey1021,Recreation,1728,6,France,Car,14,January,HolidayFlat,HFlat_Cheval_Blanc_France
Journey1022,Active,589,4,France,Car,7,December,HolidayFlat,HFlat_Les_Olympiades_France
Journey1023,Skiing,589,4,France,Car,7,January,HolidayFlat,HFlat_Les_Olympiades_France
Journey1024,Recreation,1574,4,France,Car,7,February,HolidayFlat,HFlat_Les_Olympiades_France
